,puma,total_pop_00_est,total_pop_00_moe,total_pop_00_pct_cv,total_pop_00_pct,total_pop_00_pct_moe,popu16_00_est,popu16_00_moe,popu16_00_pct_cv,popu16_00_pct,popu16_00_pct_moe,p16t64_00_est,p16t64_00_moe,p16t64_00_pct_cv,p16t64_00_pct,p16t64_00_pct_moe,p65pl_00_est,p65pl_00_moe,p65pl_00_pct_cv,p65pl_00_pct,p65pl_00_pct_moe,mdage_00_est,mdage_00_moe,mdage_00_pct_cv,mdage_00_pct,mdage_00_pct_moe,total_pop_00_wnh_est,total_pop_00_wnh_moe,total_pop_00_wnh_pct_cv,total_pop_00_wnh_pct,total_pop_00_wnh_pct_moe,popu16_00_wnh_est,popu16_00_wnh_moe,popu16_00_wnh_pct_cv,popu16_00_wnh_pct,popu16_00_wnh_pct_moe,p16t64_00_wnh_est,p16t64_00_wnh_moe,p16t64_00_wnh_pct_cv,p16t64_00_wnh_pct,p16t64_00_wnh_pct_moe,p65pl_00_wnh_est,p65pl_00_wnh_moe,p65pl_00_wnh_pct_cv,p65pl_00_wnh_pct,p65pl_00_wnh_pct_moe,mdage_00_wnh_est,mdage_00_wnh_moe,mdage_00_wnh_pct_cv,mdage_00_wnh_pct,mdage_00_wnh_pct_moe,total_pop_00_bnh_est,total_pop_00_bnh_moe,total_pop_00_bnh_pct_cv,total_pop_00_bnh_pct,total_pop_00_bnh_pct_moe,popu16_00_bnh_est,popu16_00_bnh_moe,popu16_00_bnh_pct_cv,popu16_00_bnh_pct,popu16_00_bnh_pct_moe,p16t64_00_bnh_est,p16t64_00_bnh_moe,p16t64_00_bnh_pct_cv,p16t64_00_bnh_pct,p16t64_00_bnh_pct_moe,p65pl_00_bnh_est,p65pl_00_bnh_moe,p65pl_00_bnh_pct_cv,p65pl_00_bnh_pct,p65pl_00_bnh_pct_moe,mdage_00_bnh_est,mdage_00_bnh_moe,mdage_00_bnh_pct_cv,mdage_00_bnh_pct,mdage_00_bnh_pct_moe,total_pop_00_anh_est,total_pop_00_anh_moe,total_pop_00_anh_pct_cv,total_pop_00_anh_pct,total_pop_00_anh_pct_moe,popu16_00_anh_est,popu16_00_anh_moe,popu16_00_anh_pct_cv,popu16_00_anh_pct,popu16_00_anh_pct_moe,p16t64_00_anh_est,p16t64_00_anh_moe,p16t64_00_anh_pct_cv,p16t64_00_anh_pct,p16t64_00_anh_pct_moe,p65pl_00_anh_est,p65pl_00_anh_moe,p65pl_00_anh_pct_cv,p65pl_00_anh_pct,p65pl_00_anh_pct_moe,mdage_00_anh_est,mdage_00_anh_moe,mdage_00_anh_pct_cv,mdage_00_anh_pct,mdage_00_anh_pct_moe,total_pop_00_hsp_est,total_pop_00_hsp_moe,total_pop_00_hsp_pct_cv,total_pop_00_hsp_pct,total_pop_00_hsp_pct_moe,popu16_00_hsp_est,popu16_00_hsp_moe,popu16_00_hsp_pct_cv,popu16_00_hsp_pct,popu16_00_hsp_pct_moe,p16t64_00_hsp_est,p16t64_00_hsp_moe,p16t64_00_hsp_pct_cv,p16t64_00_hsp_pct,p16t64_00_hsp_pct_moe,p65pl_00_hsp_est,p65pl_00_hsp_moe,p65pl_00_hsp_pct_cv,p65pl_00_hsp_pct,p65pl_00_hsp_pct_moe,mdage_00_hsp_est,mdage_00_hsp_moe,mdage_00_hsp_pct_cv,mdage_00_hsp_pct,mdage_00_hsp_pct_moe,p25pl_00_est,p25pl_00_moe,p25pl_00_pct_cv,p25pl_00_pct,p25pl_00_pct_moe,lths_00_est,lths_00_moe,lths_00_pct_cv,lths_00_pct,lths_00_pct_moe,hsgrd_00_est,hsgrd_00_moe,hsgrd_00_pct_cv,hsgrd_00_pct,hsgrd_00_pct_moe,sclga_00_est,sclga_00_moe,sclga_00_pct_cv,sclga_00_pct,sclga_00_pct_moe,bchd_00_est,bchd_00_moe,bchd_00_pct_cv,bchd_00_pct,bchd_00_pct_moe,p25pl_00_wnh_est,p25pl_00_wnh_moe,p25pl_00_wnh_pct_cv,p25pl_00_wnh_pct,p25pl_00_wnh_pct_moe,lths_00_wnh_est,lths_00_wnh_moe,lths_00_wnh_pct_cv,lths_00_wnh_pct,lths_00_wnh_pct_moe,hsgrd_00_wnh_est,hsgrd_00_wnh_moe,hsgrd_00_wnh_pct_cv,hsgrd_00_wnh_pct,hsgrd_00_wnh_pct_moe,sclga_00_wnh_est,sclga_00_wnh_moe,sclga_00_wnh_pct_cv,sclga_00_wnh_pct,sclga_00_wnh_pct_moe,bchd_00_wnh_est,bchd_00_wnh_moe,bchd_00_wnh_pct_cv,bchd_00_wnh_pct,bchd_00_wnh_pct_moe,p25pl_00_bnh_est,p25pl_00_bnh_moe,p25pl_00_bnh_pct_cv,p25pl_00_bnh_pct,p25pl_00_bnh_pct_moe,lths_00_bnh_est,lths_00_bnh_moe,lths_00_bnh_pct_cv,lths_00_bnh_pct,lths_00_bnh_pct_moe,hsgrd_00_bnh_est,hsgrd_00_bnh_moe,hsgrd_00_bnh_pct_cv,hsgrd_00_bnh_pct,hsgrd_00_bnh_pct_moe,sclga_00_bnh_est,sclga_00_bnh_moe,sclga_00_bnh_pct_cv,sclga_00_bnh_pct,sclga_00_bnh_pct_moe,bchd_00_bnh_est,bchd_00_bnh_moe,bchd_00_bnh_pct_cv,bchd_00_bnh_pct,bchd_00_bnh_pct_moe,p25pl_00_anh_est,p25pl_00_anh_moe,p25pl_00_anh_pct_cv,p25pl_00_anh_pct,p25pl_00_anh_pct_moe,lths_00_anh_est,lths_00_anh_moe,lths_00_anh_pct_cv,lths_00_anh_pct,lths_00_anh_pct_moe,hsgrd_00_anh_est,hsgrd_00_anh_moe,hsgrd_00_anh_pct_cv,hsgrd_00_anh_pct,hsgrd_00_anh_pct_moe,sclga_00_anh_est,sclga_00_anh_moe,sclga_00_anh_pct_cv,sclga_00_anh_pct,sclga_00_anh_pct_moe,bchd_00_anh_est,bchd_00_anh_moe,bchd_00_anh_pct_cv,bchd_00_anh_pct,bchd_00_anh_pct_moe,p25pl_00_hsp_est,p25pl_00_hsp_moe,p25pl_00_hsp_pct_cv,p25pl_00_hsp_pct,p25pl_00_hsp_pct_moe,lths_00_hsp_est,lths_00_hsp_moe,lths_00_hsp_pct_cv,lths_00_hsp_pct,lths_00_hsp_pct_moe,hsgrd_00_hsp_est,hsgrd_00_hsp_moe,hsgrd_00_hsp_pct_cv,hsgrd_00_hsp_pct,hsgrd_00_hsp_pct_moe,sclga_00_hsp_est,sclga_00_hsp_moe,sclga_00_hsp_pct_cv,sclga_00_hsp_pct,sclga_00_hsp_pct_moe,bchd_00_hsp_est,bchd_00_hsp_moe,bchd_00_hsp_pct_cv,bchd_00_hsp_pct,bchd_00_hsp_pct_moe,p5pl_00_est,p5pl_00_moe,p5pl_00_pct_cv,p5pl_00_pct,p5pl_00_pct_moe,lep_00_est,lep_00_moe,lep_00_pct_cv,lep_00_pct,lep_00_pct_moe,p5pl_00_wnh_est,p5pl_00_wnh_moe,p5pl_00_wnh_pct_cv,p5pl_00_wnh_pct,p5pl_00_wnh_pct_moe,lep_00_wnh_est,lep_00_wnh_moe,lep_00_wnh_pct_cv,lep_00_wnh_pct,lep_00_wnh_pct_moe,p5pl_00_bnh_est,p5pl_00_bnh_moe,p5pl_00_bnh_pct_cv,p5pl_00_bnh_pct,p5pl_00_bnh_pct_moe,lep_00_bnh_est,lep_00_bnh_moe,lep_00_bnh_pct_cv,lep_00_bnh_pct,lep_00_bnh_pct_moe,p5pl_00_anh_est,p5pl_00_anh_moe,p5pl_00_anh_pct_cv,p5pl_00_anh_pct,p5pl_00_anh_pct_moe,lep_00_anh_est,lep_00_anh_moe,lep_00_anh_pct_cv,lep_00_anh_pct,lep_00_anh_pct_moe,p5pl_00_hsp_est,p5pl_00_hsp_moe,p5pl_00_hsp_pct_cv,p5pl_00_hsp_pct,p5pl_00_hsp_pct_moe,lep_00_hsp_est,lep_00_hsp_moe,lep_00_hsp_pct_cv,lep_00_hsp_pct,lep_00_hsp_pct_moe,fb_00_est,fb_00_moe,fb_00_pct_cv,fb_00_pct,fb_00_pct_moe,fb_00_wnh_est,fb_00_wnh_moe,fb_00_wnh_pct_cv,fb_00_wnh_pct,fb_00_wnh_pct_moe,fb_00_bnh_est,fb_00_bnh_moe,fb_00_bnh_pct_cv,fb_00_bnh_pct,fb_00_bnh_pct_moe,fb_00_anh_est,fb_00_anh_moe,fb_00_anh_pct_cv,fb_00_anh_pct,fb_00_anh_pct_moe,fb_00_hsp_est,fb_00_hsp_moe,fb_00_hsp_pct_cv,fb_00_hsp_pct,fb_00_hsp_pct_moe
0,03701,106386,2323,1.3,100,,22622,1244,3.3,21.3,1.1,66267,1474,1.4,62.3,0.3,17497,1127,3.9,16.4,1.0,48.9,0.3,0.4,,,44198,2536,3.5,100,,5878,695,7.2,13.3,1.4,25353,1295,3.1,57.4,4.4,12967,995,4.7,29.3,1.5,48.2,1.4,1.8,,,14147,1747,7.5,100,,3351,531,9.6,23.7,2.4,9468,866,5.6,66.9,10.3,1328,338,15.5,9.4,2.1,35.0,2.0,3.5,,,4670,1054,13.7,100,,845,270,19.4,18.1,4.1,3188,518,9.9,68.3,19.0,637,235,22.4,13.6,4.0,37.6,3.7,6.0,,,40432,2498,3.8,100,,11663,950,5.0,28.8,1.5,26484,1315,3.0,65.5,5.2,2285,441,11.7,5.7,1.0,29.2,1.3,2.7,,,72164,1420,1.2,100,,17070,1116,4.0,23.7,1.5,15003,1058,4.3,20.8,1.4,15314,1067,4.2,21.2,1.4,24777,1285,3.2,34.3,1.6,34752,1426,2.5,100,,4207,593,8.6,12.1,1.6,7344,771,6.4,21.1,2.0,6572,732,6.8,18.9,2.0,16629,1104,4.0,47.9,2.5,9163,853,5.7,100,,1889,402,12.9,20.6,3.9,2027,416,12.5,22.1,4.0,2834,490,10.5,30.9,4.5,2413,453,11.4,26.3,4.3,3489,541,9.4,100,,842,269,19.5,24.1,6.8,670,241,21.8,19.2,6.2,247,146,36.0,7.1,4.0,1730,385,13.5,49.6,7.9,23201,1256,3.3,100,,9735,877,5.5,42.0,3.0,4585,617,8.2,19.8,2.4,5408,668,7.5,23.3,2.6,3473,540,9.5,15.0,2.2,99415,752,0.5,100,,21830,1511,4.2,22.0,1.5,42470,1489,2.1,100,,3330,652,11.9,7.8,1.5,12968,995,4.7,100,,683,299.0,26.6,5.3,2.3,4426,607,8.3,100,,2134,525,14.9,48.2,9.8,36920,1447,2.4,100,,15301,1313,5.2,41.4,3.2,32463,1615,3.0,30.5,1.4,9703,1010,6.3,22.0,1.9,2832,565,12.1,20.0,3.1,3636,637,10.7,77.9,22.3,15382,1234,4.9,38.0,1.9
1,03702,139419,2654,1.2,100,,34020,1495,2.7,24.4,1.0,89141,1671,1.1,63.9,1.7,16258,1117,4.2,11.7,0.8,34.0,0.2,0.4,,,14638,1806,7.5,100,,1308,336,15.6,8.9,2.0,8494,833,6.0,58.0,9.1,4836,637,8.0,33.0,1.5,51.4,3.2,3.8,,,92442,2784,1.8,100,,23298,1298,3.4,25.2,1.2,60012,1723,1.7,64.9,2.7,9132,861,5.7,9.9,0.9,32.6,1.0,1.9,,,2170,729,20.4,100,,670,241,21.8,30.9,3.9,1271,331,15.8,58.6,24.9,229,141,37.4,10.6,5.4,32.3,5.2,9.8,,,24744,2250,5.5,100,,7649,793,6.3,30.9,1.5,15497,1094,4.3,62.6,7.2,1598,370,14.1,6.5,1.4,28.3,2.1,4.5,,,87266,1684,1.2,100,,25112,1338,3.2,28.8,1.4,24130,1317,3.3,27.7,1.4,23003,1292,3.4,26.4,1.4,15021,1079,4.4,17.2,1.2,12083,979,4.9,100,,2974,503,10.3,24.6,3.7,4372,607,8.4,36.2,4.1,2389,452,11.5,19.8,3.4,2348,448,11.6,19.4,3.4,56659,1710,1.8,100,,14635,1067,4.4,25.8,1.7,15628,1098,4.3,27.6,1.8,16068,1111,4.2,28.4,1.8,10328,912,5.4,18.2,1.5,1372,344,15.2,100,,510,210,25.0,37.2,12.2,204,133,39.6,14.9,9.0,335,170,30.9,24.4,10.8,323,167,31.5,23.5,10.7,13513,1030,4.6,100,,5802,695,7.3,42.9,4.0,2948,501,10.3,21.8,3.3,3470,542,9.5,25.7,3.5,1293,334,15.7,9.6,2.4,128953,917,0.4,100,,9972,1104,6.7,7.7,0.9,14187,1052,4.5,100,,979,358,22.2,6.9,2.5,85347,1696,1.2,100,,2006,510.0,15.5,2.4,0.6,1967,410,12.7,100,,363,218,36.6,18.5,10.4,22522,1281,3.5,100,,6432,899,8.5,28.6,3.6,50716,1932,2.3,36.4,1.2,3221,603,11.4,22.0,3.1,39001,1803,2.8,42.2,1.5,1535,419,16.6,70.7,30.6,4095,678,10.1,16.5,2.3
2,03703,111738,2380,1.3,100,,22050,1240,3.4,19.7,1.0,69388,1512,1.3,62.1,0.3,20300,1201,3.6,18.2,1.0,55.1,0.3,0.3,,,54169,2635,3.0,100,,7891,798,6.1,14.6,1.3,32433,1414,2.7,59.9,3.9,13845,1027,4.5,25.6,1.4,45.5,1.3,1.7,,,26780,2251,5.1,100,,5692,685,7.3,21.3,1.8,17175,1124,4.0,64.1,6.8,3913,573,8.9,14.6,1.8,37.3,1.4,2.3,,,1562,619,24.1,100,,156,116,45.3,10.0,6.3,1163,316,16.5,74.5,35.8,243,145,36.3,15.6,7.0,38.4,3.5,5.5,,,27410,2269,5.0,100,,7918,800,6.1,28.9,1.7,17432,1131,3.9,63.6,6.7,2060,419,12.4,7.5,1.4,31.1,1.4,2.7,,,78302,1427,1.1,100,,17206,1125,4.0,22.0,1.4,25121,1301,3.1,32.1,1.6,20705,1211,3.6,26.4,1.5,15270,1070,4.3,19.5,1.3,41362,1505,2.2,100,,9493,869,5.6,23.0,1.9,15592,1080,4.2,37.7,2.2,8507,826,5.9,20.6,1.9,7770,793,6.2,18.8,1.8,18472,1157,3.8,100,,3124,514,10.0,16.9,2.6,4481,611,8.3,24.3,2.9,6953,753,6.6,37.6,3.3,3914,573,8.9,21.2,2.8,1205,322,16.2,100,,189,128,41.2,15.7,9.8,374,180,29.3,31.0,12.4,176,124,42.7,14.6,9.5,466,201,26.2,38.7,13.1,16005,1092,4.1,100,,4126,588,8.7,25.8,3.2,4233,595,8.5,26.4,3.2,4798,632,8.0,30.0,3.4,2848,491,10.5,17.8,2.8,105045,739,0.4,100,,10807,1134,6.4,10.3,1.1,51914,1554,1.8,100,,4445,750,10.3,8.6,1.4,25220,1303,3.1,100,,425,236.0,33.8,1.7,0.9,1509,360,14.5,100,,678,298,26.7,44.9,16.6,24691,1293,3.2,100,,5073,798,9.6,20.5,3.0,16675,1281,4.7,14.9,1.1,7529,901,7.3,13.9,1.5,4412,700,9.6,16.5,2.2,1182,368,18.9,75.7,38.1,3013,582,11.7,11.0,1.9
3,03704,121704,2482,1.2,100,,25024,1314,3.2,20.6,1.0,78047,1560,1.2,64.1,1.8,18633,1171,3.8,15.3,0.9,45.2,0.2,0.3,,,44710,2653,3.6,100,,5241,660,7.7,11.7,1.3,26757,1347,3.1,59.8,4.7,12712,995,4.8,28.4,1.4,47.8,1.4,1.8,,,23628,2177,5.6,100,,5881,697,7.2,24.9,1.9,15334,1079,4.3,64.9,7.5,2413,453,11.4,10.2,1.7,32.2,2.0,3.8,,,7876,1354,10.5,100,,1923,406,12.8,24.4,3.0,5756,690,7.3,73.1,15.3,197,131,40.3,2.5,1.6,30.9,1.7,3.3,,,40361,2591,3.9,100,,10514,914,5.3,26.0,1.5,27009,1351,3.0,66.9,5.4,2838,491,10.5,7.0,1.1,30.8,1.3,2.6,,,82527,1519,1.1,100,,24008,1294,3.3,29.1,1.5,23222,1278,3.3,28.1,1.5,17917,1152,3.9,21.7,1.3,17380,1138,4.0,21.1,1.3,35517,1478,2.5,100,,10000,893,5.4,28.2,2.2,10968,931,5.2,30.9,2.3,5792,692,7.3,16.3,1.8,8757,840,5.8,24.7,2.1,14855,1065,4.4,100,,3884,572,8.9,26.1,3.4,3666,556,9.2,24.7,3.3,4516,615,8.3,30.4,3.5,2789,487,10.6,18.8,3.0,4767,631,8.0,100,,1071,304,17.2,22.5,5.6,645,236,22.3,13.5,4.6,716,249,21.1,15.0,4.8,2335,446,11.6,49.0,6.7,24272,1299,3.3,100,,7914,802,6.2,32.6,2.8,7015,758,6.6,28.9,2.7,6197,715,7.0,25.5,2.6,3146,516,10.0,13.0,2.0,114586,763,0.4,100,,24530,1606,4.0,21.4,1.4,43244,1556,2.2,100,,8263,1007,7.4,19.1,2.2,21751,1246,3.5,100,,395,228.0,35.0,1.8,1.0,7267,771,6.4,100,,2864,607,12.9,39.4,7.2,37662,1503,2.4,100,,12438,1212,5.9,33.0,2.9,38967,1751,2.7,32.0,1.3,12708,1147,5.5,28.4,1.9,7634,910,7.2,32.3,2.4,6051,816,8.2,76.8,16.8,9939,1028,6.3,24.6,2.0
4,03705,140777,2667,1.2,100,,42829,1609,2.3,30.4,1.0,87568,1696,1.2,62.2,0.3,10380,914,5.4,7.4,0.6,26.3,0.2,0.5,,,7756,1350,10.6,100,,769,258,20.4,9.9,2.8,5616,684,7.4,72.4,15.4,1371,343,15.2,17.7,3.2,23.8,2.5,6.4,,,48249,2809,3.5,100,,14580,1066,4.4,30.2,1.3,29977,1432,2.9,62.1,4.7,3692,559,9.2,7.7,1.1,27.4,1.4,3.1,,,990,495,30.4,100,,119,102,51.9,12.0,8.3,789,261,20.1,79.7,47.8,82,84,62.6,8.3,7.5,30.6,7.4,14.7,,,81114,2925,2.2,100,,26296,1363,3.2,32.4,1.2,49753,1672,2.0,61.3,3.0,5065,651,7.8,6.2,0.8,26.2,1.0,2.3,,,73422,1747,1.4,100,,35969,1525,2.6,49.0,1.7,17414,1151,4.0,23.7,1.5,14485,1063,4.5,19.7,1.4,5554,681,7.5,7.6,0.9,3652,556,9.3,100,,1704,382,13.6,46.7,7.7,996,293,17.9,27.3,6.9,392,184,28.6,10.7,4.8,560,220,23.9,15.3,5.6,25945,1356,3.2,100,,9618,882,5.6,37.1,2.8,7428,782,6.4,28.6,2.6,6350,726,6.9,24.5,2.5,2549,466,11.1,9.8,1.7,640,235,22.3,100,,116,100,52.6,18.1,14.2,244,145,36.2,38.1,17.9,177,124,42.6,27.7,16.5,103,95,55.8,16.1,13.5,42080,1601,2.3,100,,24002,1315,3.3,57.0,2.2,8451,831,6.0,20.1,1.8,7353,778,6.4,17.5,1.7,2274,441,11.8,5.4,1.0,128214,997,0.5,100,,35182,1864,3.2,27.4,1.4,7570,789,6.3,100,,1384,425,18.7,18.3,5.3,44150,1623,2.2,100,,1221,399.0,19.9,2.8,0.9,987,292,18.0,100,,357,216,36.9,36.2,19.2,73086,1747,1.5,100,,31702,1798,3.4,43.4,2.2,31403,1680,3.3,22.3,1.1,1827,457,15.2,23.6,4.2,5895,808,8.3,12.2,1.5,878,318,22.0,88.7,54.7,21829,1461,4.1,26.9,1.5
5,03706,131430,2578,1.2,100,,37648,1528,2.5,28.6,1.0,83516,1627,1.2,63.5,1.8,10266,907,5.4,7.8,0.7,29.5,0.2,0.4,,,14856,1811,7.4,100,,2244,438,11.9,15.1,2.3,8071,811,6.1,54.3,8.6,4541,617,8.3,30.6,1.8,45.6,3.3,4.4,,,23776,2201,5.6,100,,6350,725,6.9,26.7,1.8,15706,1096,4.2,66.1,7.7,1720,384,13.6,7.2,1.5,31.7,1.5,2.9,,,9555,1485,9.4,100,,1858,399,13.1,19.4,2.9,7200,769,6.5,75.4,14.2,497,207,25.4,5.2,2.0,32.2,2.0,3.8,,,78690,2803,2.2,100,,26076,1348,3.1,33.1,1.2,49454,1637,2.0,62.8,3.1,3160,518,10.0,4.0,0.6,25.3,0.9,2.2,,,75121,1672,1.4,100,,29777,1415,2.9,39.6,1.7,18041,1163,3.9,24.0,1.5,15314,1084,4.3,20.4,1.4,11989,973,4.9,16.0,1.2,11447,953,5.1,100,,3488,543,9.5,30.5,4.0,3497,544,9.5,30.5,4.0,1985,412,12.6,17.3,3.3,2477,460,11.3,21.6,3.6,15005,1075,4.4,100,,4237,597,8.6,28.2,3.4,3579,550,9.3,23.9,3.2,4415,609,8.4,29.4,3.5,2774,486,10.6,18.5,3.0,6169,715,7.0,100,,2137,427,12.2,34.6,5.6,1188,320,16.4,19.3,4.7,611,230,22.9,9.9,3.5,2233,437,11.9,36.2,5.7,39749,1552,2.4,100,,18900,1186,3.8,47.5,2.3,8986,853,5.8,22.6,2.0,7908,804,6.2,19.9,1.9,3955,577,8.9,9.9,1.4,119435,973,0.5,100,,41872,1938,2.8,35.1,1.6,14237,1050,4.5,100,,2906,612,12.8,20.4,4.0,21771,1256,3.5,100,,1247,403.0,19.7,5.7,1.8,8960,852,5.8,100,,4509,757,10.2,50.3,7.0,70368,1685,1.5,100,,32110,1787,3.4,45.6,2.3,51571,1904,2.2,39.2,1.2,5034,748,9.0,33.9,2.9,5654,791,8.5,23.8,2.5,8220,944,7.0,86.0,16.6,29646,1630,3.3,37.7,1.6
6,03707,136018,2622,1.2,100,,43571,1604,2.2,32.0,1.0,85773,1659,1.2,63.1,0.1,6674,743,6.8,4.9,0.5,25.9,0.2,0.5,,,2102,718,20.8,100,,525,213,24.7,25.0,5.5,1199,321,16.3,57.0,24.8,378,181,29.1,18.0,6.0,38.0,9.7,15.5,,,43488,2713,3.8,100,,13532,1029,4.6,31.1,1.4,27228,1376,3.1,62.6,5.0,2728,482,10.7,6.3,1.0,29.6,1.8,3.7,,,1959,693,21.5,100,,456,199,26.5,23.3,5.9,1298,334,15.7,66.3,29.0,205,133,39.5,10.5,5.7,32.0,4.3,8.2,,,83751,2830,2.1,100,,27492,1381,3.1,32.8,1.2,53115,1677,1.9,63.4,2.9,3144,517,10.0,3.8,0.6,26.0,1.0,2.3,,,72394,1715,1.4,100,,34303,1493,2.6,47.4,1.7,16646,1127,4.1,23.0,1.5,15370,1088,4.3,21.2,1.4,6075,710,7.1,8.4,1.0,1338,339,15.4,100,,453,198,26.6,33.9,12.1,272,154,34.3,20.3,10.3,436,194,27.1,32.6,11.9,177,124,42.6,13.2,8.6,24118,1313,3.3,100,,8650,839,5.9,35.9,2.9,6471,732,6.9,26.8,2.7,6326,724,7.0,26.2,2.6,2671,477,10.9,11.1,1.9,1239,327,16.0,100,,534,215,24.5,43.1,13.1,356,176,30.0,28.7,12.0,193,129,40.8,15.6,9.6,156,116,45.3,12.6,8.8,43263,1601,2.2,100,,23735,1305,3.3,54.9,2.2,8851,848,5.8,20.5,1.8,7801,799,6.2,18.0,1.7,2876,495,10.5,6.6,1.1,122448,1030,0.5,100,,41703,1951,2.8,34.1,1.6,1839,397,13.1,100,,293,196,40.7,15.9,10.1,39465,1560,2.4,100,,2354,552.0,14.2,6.0,1.4,1800,393,13.3,100,,400,229,34.8,22.2,11.8,75231,1709,1.4,100,,37943,1898,3.0,50.4,2.2,48459,1900,2.4,35.6,1.2,267,176,40.0,12.7,7.1,8749,973,6.8,20.1,1.9,1581,425,16.3,80.7,35.9,35512,1742,3.0,42.4,1.5
7,03708,130582,2570,1.2,100,,40374,1557,2.3,30.9,1.0,80793,1636,1.2,61.9,0.3,9415,871,5.6,7.2,0.7,27.5,0.2,0.4,,,1975,696,21.4,100,,893,278,18.9,45.2,21.2,834,268,19.6,42.2,20.1,248,147,35.9,12.6,6.0,28.6,14.7,31.2,,,47098,2737,3.5,100,,12661,997,4.8,26.9,1.4,29669,1411,2.9,63.0,4.7,4768,632,8.1,10.1,1.2,32.4,1.3,2.4,,,1783,662,22.6,100,,337,171,30.8,18.9,6.5,1360,342,15.3,76.3,34.2,86,86,61.1,4.8,4.5,36.2,6.8,11.4,,,76263,2810,2.2,100,,25455,1334,3.2,33.4,1.2,46788,1615,2.1,61.4,3.1,4020,582,8.8,5.3,0.7,26.8,1.1,2.5,,,73348,1671,1.4,100,,35248,1495,2.6,48.1,1.7,16937,1132,4.1,23.1,1.5,15478,1089,4.3,21.1,1.4,5685,687,7.4,7.8,0.9,1058,302,17.4,100,,401,186,28.3,37.9,13.9,204,133,39.6,19.3,11.3,343,172,30.6,32.4,13.4,110,98,54.0,10.4,8.7,28848,1397,2.9,100,,9591,879,5.6,33.2,2.6,8536,833,5.9,29.6,2.5,7883,802,6.2,27.3,2.4,2838,491,10.5,9.8,1.6,1129,312,16.8,100,,501,208,25.3,44.4,13.8,333,170,31.0,29.5,12.7,109,97,54.3,9.7,8.2,186,127,41.5,16.5,10.3,40246,1555,2.3,100,,23877,1302,3.3,59.3,2.3,7280,773,6.5,18.1,1.8,6800,748,6.7,16.9,1.7,2289,442,11.7,5.7,1.1,118062,992,0.5,100,,41020,1924,2.9,34.7,1.6,1709,383,13.6,100,,420,235,34.0,24.6,12.6,43311,1586,2.2,100,,3041,625.0,12.5,7.0,1.4,1742,386,13.5,100,,503,257,31.0,28.9,13.3,68123,1683,1.5,100,,36675,1863,3.1,53.8,2.4,47320,1868,2.4,36.2,1.2,336,197,35.6,17.0,8.0,10195,1043,6.2,21.6,1.8,1550,421,16.5,86.9,40.0,33027,1689,3.1,43.3,1.5
8,03709,175216,2968,1.0,100,,46724,1725,2.2,26.7,0.9,111705,1876,1.0,63.8,1.5,16787,1148,4.2,9.6,0.6,30.7,0.2,0.4,,,8470,1416,10.2,100,,1345,341,15.4,15.9,3.0,4255,601,8.6,50.2,11.0,2870,495,10.5,33.9,1.4,48.9,4.4,5.5,,,55569,3073,3.4,100,,13905,1055,4.6,25.0,1.3,36908,1591,2.6,66.4,4.7,4756,634,8.1,8.6,1.0,33.1,1.3,2.4,,,7158,1307,11.1,100,,2071,422,12.4,28.9,2.6,4705,631,8.1,65.7,14.9,382,182,29.0,5.3,2.3,33.3,2.6,4.7,,,97620,3280,2.0,100,,27917,1428,3.1,28.6,1.1,61371,1861,1.8,62.9,2.8,8332,830,6.1,8.5,0.8,29.8,0.9,1.8,,,105693,1909,1.1,100,,38966,1623,2.5,36.9,1.4,28784,1446,3.1,27.2,1.3,24565,1355,3.4,23.2,1.2,13378,1036,4.7,12.7,1.0,6618,744,6.8,100,,2119,426,12.2,32.0,5.3,2394,453,11.5,36.2,5.5,1016,296,17.7,15.4,4.1,1089,307,17.1,16.5,4.2,34562,1553,2.7,100,,8442,836,6.0,24.4,2.2,10136,911,5.5,29.3,2.3,9750,894,5.6,28.2,2.3,6234,723,7.0,18.0,1.9,4418,612,8.4,100,,1982,413,12.7,44.9,7.0,631,234,22.5,14.3,4.9,703,247,21.3,15.9,5.1,1102,308,17.0,24.9,6.1,56383,1823,2.0,100,,25102,1367,3.3,44.5,2.0,14477,1074,4.5,25.7,1.7,12361,999,4.9,21.9,1.6,4443,613,8.4,7.9,1.1,162352,1018,0.4,100,,41286,2038,3.0,25.4,1.2,8012,815,6.2,100,,527,263,30.3,6.6,3.2,51454,1777,2.1,100,,1779,481.0,16.5,3.5,0.9,6638,745,6.8,100,,2991,622,12.6,45.1,7.9,90278,1950,1.3,100,,35470,1930,3.3,39.3,2.0,43337,1943,2.7,24.7,1.0,1098,355,19.7,13.0,3.6,10538,1070,6.2,19.0,1.6,5423,780,8.7,75.8,17.6,23009,1521,4.0,23.6,1.3
9,03710,142204,2680,1.1,100,,40665,1588,2.4,28.6,1.0,92620,1675,1.1,65.1,1.7,8919,852,5.8,6.3,0.6,26.8,0.2,0.5,,,3269,892,16.6,100,,414,189,27.8,12.7,4.7,2646,475,10.9,80.9,26.4,209,135,39.2,6.4,3.7,33.2,2.5,4.6,,,38481,2643,4.2,100,,10460,918,5.3,27.2,1.5,25770,1354,3.2,67.0,5.8,2251,439,11.8,5.8,1.1,28.5,1.4,3.0,,,888,469,32.1,100,,221,138,38.1,24.9,8.4,658,239,22.0,74.1,47.4,9,28,188.9,1.0,3.1,27.0,5.4,12.2,,,97089,2769,1.7,100,,28755,1412,3.0,29.6,1.2,62045,1743,1.7,63.9,2.6,6289,723,7.0,6.5,0.7,28.0,1.1,2.4,,,78331,1748,1.4,100,,43330,1618,2.3,55.3,1.7,17957,1168,4.0,22.9,1.4,13265,1022,4.7,16.9,1.2,3779,565,9.1,4.8,0.7,2575,469,11.1,100,,1117,310,16.9,43.4,9.1,575,223,23.6,22.3,7.7,587,225,23.3,22.8,7.7,296,160,32.9,11.5,5.9,21461,1258,3.6,100,,10163,906,5.4,47.4,3.2,6557,737,6.8,30.6,2.9,3561,549,9.4,16.6,2.4,1180,319,16.4,5.5,1.5,503,209,25.2,100,,79,83,63.7,15.7,15.1,144,112,47.2,28.6,18.8,148,113,46.6,29.4,18.9,132,107,49.3,26.2,18.3,52622,1697,2.0,100,,31439,1459,2.8,59.7,2.0,10562,922,5.3,20.1,1.6,8549,836,5.9,16.2,1.5,2072,421,12.4,3.9,0.8,130148,979,0.5,100,,42512,1981,2.8,32.7,1.5,3063,510,10.1,100,,246,180,44.4,8.0,5.7,35955,1528,2.6,100,,796,323.0,24.7,2.2,0.9,820,266,19.7,100,,275,190,42.0,33.5,20.5,88219,1706,1.2,100,,41013,1960,2.9,46.5,2.0,30887,1672,3.3,21.7,1.1,472,233,30.0,14.4,6.0,3128,595,11.6,8.1,1.4,639,271,25.8,72.0,48.7,25930,1566,3.7,26.7,1.4
10,03801,224189,3347,0.9,100,,50769,1847,2.2,22.6,0.8,150755,2071,0.8,67.2,1.4,22665,1331,3.6,10.1,0.6,33.8,0.2,0.4,,,28697,2495,5.3,100,,3177,522,10.0,11.1,1.5,19662,1248,3.9,68.5,7.4,5858,704,7.3,20.4,1.7,40.2,1.8,2.7,,,20261,2142,6.4,100,,4218,600,8.6,20.8,2.0,12598,1016,4.9,62.2,8.3,3445,543,9.6,17.0,2.0,37.5,1.6,2.6,,,5322,1137,13.0,100,,634,234,22.5,11.9,3.6,4213,599,8.6,79.2,20.3,475,203,26.0,8.9,3.3,33.9,3.8,6.8,,,165023,3292,1.2,100,,41643,1716,2.5,25.2,0.9,111037,2207,1.2,67.3,1.9,12343,1007,5.0,7.5,0.6,31.3,0.7,1.4,,,141812,2128,0.9,100,,62773,1982,1.9,44.3,1.2,27521,1448,3.2,19.4,1.0,24530,1378,3.4,17.3,0.9,26988,1436,3.2,19.0,1.0,21851,1309,3.6,100,,2842,494,10.6,13.0,2.1,3620,556,9.3,16.6,2.3,3739,565,9.2,17.1,2.4,11650,980,5.1,53.3,3.1,14180,1074,4.6,100,,4339,608,8.5,30.6,3.6,3299,531,9.8,23.3,3.3,3270,529,9.8,23.1,3.3,3272,529,9.8,23.1,3.3,4044,587,8.8,100,,908,280,18.8,22.5,6.1,842,270,19.5,20.8,6.0,388,183,28.7,9.6,4.3,1906,405,12.9,47.1,7.3,98853,2191,1.3,100,,53736,1884,2.1,54.4,1.5,19297,1238,3.9,19.5,1.2,16426,1150,4.3,16.6,1.1,9394,884,5.7,9.5,0.9,209597,1089,0.3,100,,95983,2688,1.7,45.8,1.3,27597,1450,3.2,100,,3817,703,11.2,13.8,2.4,18962,1228,3.9,100,,1492,442.0,18.0,7.9,2.3,5157,662,7.8,100,,2340,552,14.3,45.4,9.0,153279,2052,0.8,100,,87047,2647,1.8,56.8,1.6,117523,2543,1.3,52.4,0.8,8219,957,7.1,28.6,2.2,3308,614,11.3,16.3,2.5,4022,676,10.2,75.6,20.5,100226,2532,1.5,60.7,0.9
11,03802,125179,2517,1.2,100,,23882,1296,3.3,19.1,1.0,89045,1494,1.0,71.1,1.9,12252,980,4.9,9.8,0.8,34.2,0.3,0.5,,,26272,2273,5.3,100,,2577,468,11.0,9.8,1.6,21439,1242,3.5,81.6,8.5,2256,439,11.8,8.6,1.5,29.6,1.0,2.1,,,35708,2520,4.3,100,,6631,739,6.8,18.6,1.6,23699,1292,3.3,66.4,5.9,5378,669,7.6,15.1,1.5,36.8,1.2,2.0,,,7679,1339,10.6,100,,578,224,23.5,7.5,2.6,6661,740,6.8,86.7,17.9,440,195,27.0,5.7,2.3,26.6,1.5,3.4,,,51168,2744,3.3,100,,13085,1009,4.7,25.6,1.4,34213,1470,2.6,66.9,4.6,3870,571,9.0,7.6,1.0,29.7,1.2,2.5,,,78185,1597,1.2,100,,25451,1327,3.2,32.6,1.6,14210,1046,4.5,18.2,1.3,13541,1024,4.6,17.3,1.3,24983,1318,3.2,32.0,1.6,16862,1126,4.1,100,,776,259,20.3,4.6,1.5,891,277,18.9,5.3,1.6,1874,400,13.0,11.1,2.3,13321,1017,4.6,79.0,2.9,24572,1310,3.2,100,,7151,765,6.5,29.1,2.7,6598,737,6.8,26.9,2.6,6147,713,7.0,25.0,2.6,4676,625,8.1,19.0,2.3,4284,600,8.5,100,,539,216,24.4,12.6,4.7,465,201,26.2,10.9,4.4,346,173,30.4,8.1,3.9,2934,499,10.3,68.5,6.6,29927,1407,2.9,100,,16251,1108,4.1,54.3,2.7,5717,689,7.3,19.1,2.1,4624,622,8.2,15.5,1.9,3335,531,9.7,11.1,1.7,117254,803,0.4,100,,29432,1721,3.6,25.1,1.5,24907,1317,3.2,100,,792,322,24.7,3.2,1.3,34082,1468,2.6,100,,1416,429.0,18.4,4.2,1.2,7443,780,6.4,100,,2007,510,15.4,27.0,6.2,46773,1595,2.1,100,,24633,1614,4.0,52.7,2.9,44506,1822,2.5,35.6,1.3,4093,677,10.1,15.6,2.2,5585,786,8.6,15.6,1.9,4646,719,9.4,60.5,14.1,28524,1596,3.4,55.7,0.9
12,03803,110838,2371,1.3,100,,27289,1337,3.0,24.6,1.1,70364,1494,1.3,63.5,1.9,13185,1005,4.6,11.9,0.9,31.5,0.2,0.4,,,2235,738,20.1,100,,108,97,54.5,4.8,4.0,2010,414,12.5,89.9,35.0,117,101,52.4,5.2,4.2,34.1,2.7,4.8,,,84675,2230,1.6,100,,20350,1201,3.6,24.0,1.3,52508,1550,1.8,62.0,0.8,11817,958,4.9,14.0,1.1,35.6,0.9,1.5,,,1244,553,27.0,100,,153,115,45.8,12.3,7.5,977,290,18.0,78.5,42.0,114,99,53.0,9.2,6.9,35.5,7.5,12.8,,,18903,1975,6.4,100,,5815,692,7.2,30.8,1.8,12116,968,4.9,64.1,8.4,972,289,18.1,5.1,1.4,27.6,2.0,4.4,,,70144,1496,1.3,100,,24973,1297,3.2,35.6,1.7,18527,1158,3.8,26.4,1.6,16406,1102,4.1,23.4,1.5,10238,899,5.3,14.6,1.2,1742,386,13.5,100,,156,116,45.3,9.0,6.4,378,181,29.1,21.7,9.2,262,151,35.0,15.0,8.0,946,285,18.3,54.3,11.1,54774,1552,1.7,100,,18141,1148,3.8,33.1,1.9,15479,1076,4.2,28.3,1.8,13374,1011,4.6,24.4,1.7,7780,793,6.2,14.2,1.4,914,281,18.7,100,,273,154,34.3,29.9,14.1,90,88,59.7,9.8,9.2,98,92,57.2,10.7,9.5,453,198,26.6,49.6,15.4,10269,900,5.3,100,,5608,680,7.4,54.6,4.6,1963,409,12.7,19.1,3.6,1936,407,12.8,18.9,3.6,762,256,20.5,7.4,2.4,103101,791,0.5,100,,11565,1168,6.1,11.2,1.1,2127,426,12.2,100,,120,126,63.6,5.6,5.8,78791,1407,1.1,100,,3741,690.0,11.2,4.7,0.9,1224,324,16.1,100,,578,275,28.9,47.2,18.7,17499,1132,3.9,100,,6348,888,8.5,36.3,4.5,20150,1381,4.2,18.2,1.2,478,235,29.8,21.4,7.8,9686,1011,6.3,11.4,1.2,871,316,22.1,70.0,40.2,7394,893,7.3,39.1,2.4
13,03804,117733,2442,1.3,100,,28840,1376,2.9,24.5,1.1,75617,1533,1.2,64.2,1.9,13276,1012,4.6,11.3,0.8,32.1,0.2,0.4,,,8444,1397,10.1,100,,825,267,19.7,9.8,2.7,6301,720,6.9,74.6,15.0,1318,337,15.5,15.6,3.0,38.8,2.7,4.2,,,39758,2560,3.9,100,,9782,883,5.5,24.6,1.6,24508,1299,3.2,61.6,5.1,5468,673,7.5,13.8,1.4,36.6,1.4,2.3,,,2549,788,18.8,100,,281,156,33.8,11.0,5.1,2013,415,12.5,79.0,29.3,255,149,35.4,10.0,4.9,32.3,3.7,7.0,,,63431,2698,2.6,100,,16902,1122,4.0,26.6,1.4,40600,1520,2.3,64.0,3.6,5929,699,7.2,9.3,1.0,29.2,1.0,2.1,,,72237,1557,1.3,100,,32761,1433,2.7,45.4,1.7,16983,1124,4.0,23.5,1.5,12790,995,4.7,17.7,1.3,9703,880,5.5,13.4,1.2,6525,732,6.8,100,,731,251,20.9,11.2,3.6,964,288,18.2,14.8,4.1,1053,301,17.4,16.1,4.2,3777,564,9.1,57.9,5.7,25684,1321,3.1,100,,9530,872,5.6,37.1,2.8,7643,788,6.3,29.8,2.7,5698,686,7.3,22.2,2.4,2813,488,10.6,11.0,1.8,1633,374,13.9,100,,363,177,29.7,22.2,9.6,212,136,38.9,13.0,7.8,180,125,42.2,11.0,7.2,878,275,19.1,53.8,11.5,36419,1478,2.5,100,,21498,1236,3.5,59.0,2.4,7651,788,6.3,21.0,2.0,5300,663,7.6,14.6,1.7,1970,410,12.7,5.4,1.1,109087,834,0.5,100,,30295,1721,3.5,27.8,1.6,8056,808,6.1,100,,423,236,33.8,5.3,2.9,37500,1490,2.4,100,,1183,393.0,20.2,3.2,1.0,2415,453,11.4,100,,1025,366,21.7,42.4,12.9,57750,1599,1.7,100,,26771,1650,3.7,46.4,2.6,23461,1474,3.8,19.9,1.2,1217,373,18.6,14.4,3.7,2962,578,11.9,7.5,1.4,1816,455,15.2,71.2,28.3,15823,1259,4.8,24.9,1.7
14,03805,216825,3293,0.9,100,,24028,1363,3.4,11.1,0.6,161909,1888,0.7,74.7,1.4,30888,1517,3.0,14.2,0.7,71.0,0.3,0.3,,,179089,2785,0.9,100,,18865,1223,3.9,10.5,0.7,131947,2119,1.0,73.7,0.3,28277,1462,3.1,15.8,0.8,39.5,0.6,0.9,,,6096,1214,12.1,100,,968,289,18.2,15.9,3.5,4404,612,8.5,72.2,17.5,724,250,21.0,11.9,3.4,42.2,3.0,4.3,,,14365,1827,7.7,100,,1521,362,14.5,10.6,2.1,12070,995,5.0,84.0,12.7,774,259,20.3,5.4,1.7,32.7,1.0,1.9,,,13496,1775,8.0,100,,1948,410,12.8,14.4,2.4,10512,932,5.4,77.9,12.4,1036,299,17.6,7.7,2.0,35.3,1.5,2.6,,,177995,1664,0.6,100,,8419,839,6.1,4.7,0.5,13679,1055,4.7,7.7,0.6,22302,1319,3.6,12.5,0.7,133595,2111,1.0,75.1,1.0,148805,2014,0.8,100,,4402,612,8.5,3.0,0.4,10194,919,5.5,6.9,0.6,18069,1200,4.0,12.1,0.8,116140,2165,1.1,78.0,1.0,4724,634,8.2,100,,847,271,19.4,17.9,5.2,948,286,18.4,20.1,5.4,739,253,20.8,15.6,4.9,2190,434,12.0,46.4,6.8,11354,967,5.2,100,,913,281,18.7,8.0,2.4,710,248,21.2,6.3,2.1,991,293,18.0,8.7,2.5,8740,854,5.9,77.0,3.7,10503,932,5.4,100,,2031,418,12.5,19.3,3.6,1514,361,14.5,14.4,3.2,2000,415,12.6,19.0,3.6,4958,649,8.0,47.2,4.5,206304,933,0.3,100,,13373,1285,5.8,6.5,0.6,170927,1773,0.6,100,,6202,890,8.7,3.6,0.5,5910,707,7.3,100,,289,195.0,41.0,4.9,3.2,13547,1051,4.7,100,,3410,665,11.8,25.2,4.5,12566,1014,4.9,100,,2976,622,12.7,23.7,4.6,48116,2081,2.6,22.2,0.9,28721,1698,3.6,16.0,0.9,1873,463,15.0,30.7,4.5,10561,1078,6.2,73.5,12.0,5421,782,8.8,40.2,2.4
15,03806,194640,3125,1.0,100,,22726,1321,3.5,11.7,0.7,145397,1788,0.7,74.7,1.5,26517,1411,3.2,13.6,0.7,61.6,0.3,0.3,,,131693,3256,1.5,100,,13409,1042,4.7,10.2,0.7,100590,2055,1.2,76.4,2.4,17694,1182,4.1,13.4,0.8,39.3,0.6,0.9,,,17804,2006,6.9,100,,2653,477,10.9,14.9,2.1,12396,1004,4.9,69.6,9.7,2755,486,10.7,15.5,2.1,41.9,2.3,3.3,,,10455,1569,9.1,100,,838,269,19.5,8.0,2.3,9048,866,5.8,86.5,15.4,569,222,23.7,5.4,2.0,32.2,1.2,2.3,,,29827,2507,5.1,100,,4941,647,8.0,16.6,1.7,19953,1247,3.8,66.9,7.0,4933,646,8.0,16.5,1.7,37.2,1.8,2.9,,,156835,1627,0.6,100,,14871,1092,4.5,9.5,0.7,14839,1091,4.5,9.5,0.7,20639,1266,3.7,13.2,0.8,106486,2047,1.2,67.9,1.1,110834,2036,1.1,100,,3283,530,9.8,3.0,0.5,6700,750,6.8,6.0,0.7,12070,992,5.0,10.9,0.9,88781,2048,1.4,80.1,1.1,13121,1031,4.8,100,,3064,512,10.2,23.4,3.4,2509,464,11.2,19.1,3.2,3270,529,9.8,24.9,3.5,4278,603,8.6,32.6,3.8,8690,849,5.9,100,,374,180,29.3,4.3,2.0,633,234,22.5,7.3,2.6,938,285,18.5,10.8,3.1,6745,752,6.8,77.6,4.2,20631,1266,3.7,100,,7873,810,6.3,38.2,3.2,4471,616,8.4,21.7,2.7,3484,545,9.5,16.9,2.4,4803,638,8.1,23.3,2.7,186397,828,0.3,100,,19068,1505,4.8,10.2,0.8,125440,1969,1.0,100,,3277,651,12.1,2.6,0.5,17359,1172,4.1,100,,1314,414.0,19.2,7.6,2.3,10086,912,5.5,100,,2123,526,15.1,21.0,4.9,28860,1461,3.1,100,,11871,1211,6.2,41.1,3.6,43141,1971,2.8,22.2,0.9,19865,1436,4.4,15.1,1.0,2865,571,12.1,16.1,2.6,7107,890,7.6,68.0,13.3,11879,1136,5.8,39.8,1.8
16,03807,123136,2497,1.2,100,,9403,869,5.6,7.6,0.7,100158,1274,0.8,81.3,1.9,13575,1024,4.6,11.0,0.8,53.5,0.4,0.5,,,79338,2650,2.0,100,,3885,572,8.9,4.9,0.7,65758,1632,1.5,82.9,3.4,9695,881,5.5,12.2,1.0,38.4,0.7,1.1,,,8193,1380,10.2,100,,950,286,18.3,11.6,2.9,6613,737,6.8,80.7,16.3,630,233,22.5,7.7,2.5,36.1,1.8,3.0,,,11584,1616,8.5,100,,758,256,20.5,6.5,2.0,10470,912,5.3,90.4,14.9,356,176,30.0,3.1,1.5,31.4,1.4,2.7,,,19844,2035,6.2,100,,3429,538,9.5,17.3,2.1,13659,1027,4.6,68.8,8.8,2756,484,10.7,13.9,2.0,36.6,1.6,2.7,,,100807,1260,0.8,100,,10936,931,5.2,10.8,0.9,11465,950,5.0,11.4,0.9,16382,1111,4.1,16.3,1.1,62024,1635,1.6,61.5,1.4,68549,1625,1.4,100,,2934,499,10.3,4.3,0.7,6409,727,6.9,9.3,1.0,10486,913,5.3,15.3,1.3,48720,1599,2.0,71.1,1.6,5949,701,7.2,100,,1334,339,15.4,22.4,5.0,1236,326,16.0,20.8,4.9,1159,316,16.6,19.5,4.8,2220,435,11.9,37.3,5.8,8896,847,5.8,100,,964,288,18.2,10.8,3.1,649,237,22.2,7.3,2.6,1441,352,14.8,16.2,3.6,5842,695,7.2,65.7,4.7,14268,1047,4.5,100,,5325,665,7.6,37.3,3.8,2618,472,11.0,18.3,3.0,2682,477,10.8,18.8,3.0,3643,554,9.2,25.5,3.4,119924,521,0.3,100,,13823,1271,5.6,11.5,1.1,77808,1578,1.2,100,,2780,598,13.1,3.6,0.8,7791,796,6.2,100,,259,184.0,43.3,3.3,2.3,11276,943,5.1,100,,3631,681,11.4,32.2,5.4,19045,1183,3.8,100,,6633,909,8.3,34.8,4.3,30708,1633,3.2,24.9,1.2,12047,1121,5.7,15.2,1.3,1303,386,18.0,15.9,3.9,8445,954,6.9,72.9,13.1,7463,901,7.3,37.6,2.4
17,03808,144479,2701,1.1,100,,10799,932,5.2,7.5,0.6,113483,1454,0.8,78.5,1.8,20197,1229,3.7,14.0,0.8,67.1,0.5,0.5,,,109713,2563,1.4,100,,6866,754,6.7,6.3,0.7,85314,1742,1.2,77.8,2.4,17533,1157,4.0,16.0,1.0,40.7,0.9,1.3,,,5158,1113,13.1,100,,363,177,29.7,7.0,3.1,4447,612,8.4,86.2,22.1,348,174,30.3,6.7,3.0,40.8,2.7,4.0,,,14926,1825,7.4,100,,1053,301,17.4,7.1,1.8,13047,1016,4.7,87.4,12.7,826,267,19.7,5.5,1.7,33.1,1.0,1.8,,,10335,1545,9.1,100,,1074,304,17.2,10.4,2.5,8182,819,6.1,79.2,14.2,1079,305,17.2,10.4,2.5,37.5,2.8,4.5,,,119851,1332,0.7,100,,5393,672,7.6,4.5,0.6,11077,943,5.2,9.2,0.8,20058,1225,3.7,16.7,1.0,83323,1751,1.3,69.5,1.2,93072,1696,1.1,100,,2221,436,11.9,2.4,0.5,7357,779,6.4,7.9,0.8,15498,1096,4.3,16.7,1.1,67996,1769,1.6,73.1,1.4,4429,611,8.4,100,,697,246,21.4,15.7,5.1,623,232,22.7,14.1,4.9,1098,308,17.0,24.8,6.0,2011,415,12.5,45.4,7.0,12042,979,4.9,100,,790,261,20.1,6.6,2.1,956,287,18.3,7.9,2.3,1203,322,16.3,10.0,2.5,9093,860,5.8,75.5,3.7,7756,799,6.3,100,,1590,370,14.1,20.5,4.3,1473,356,14.7,19.0,4.2,1772,390,13.4,22.8,4.4,2921,499,10.4,37.7,5.1,139739,631,0.3,100,,9435,1077,6.9,6.8,0.8,106897,1554,0.9,100,,2799,601,13.1,2.6,0.6,4987,647,7.9,100,,113,122.0,65.6,2.3,2.4,14489,1064,4.5,100,,3916,708,11.0,27.0,4.5,9873,894,5.5,100,,2045,515,15.3,20.7,4.9,33283,1721,3.1,23.0,1.1,16314,1294,4.8,14.9,1.1,1323,389,17.9,25.6,5.1,10961,1082,6.0,73.4,11.5,3019,585,11.8,29.2,3.6
18,03809,167512,2904,1.1,100,,23980,1336,3.4,14.3,0.8,119890,1721,0.9,71.6,1.6,23642,1328,3.4,14.1,0.8,40.4,0.3,0.5,,,46059,2883,3.8,100,,2110,425,12.3,4.6,0.9,37161,1585,2.6,80.7,6.1,6788,752,6.7,14.7,1.3,35.6,0.9,1.5,,,13235,1742,8.0,100,,2674,478,10.9,20.2,2.4,8976,859,5.8,67.8,11.0,1585,369,14.2,12.0,2.3,35.9,2.2,3.7,,,56052,3046,3.3,100,,8313,829,6.1,14.8,1.2,38756,1609,2.5,69.1,4.7,8983,859,5.8,16.0,1.3,38.5,1.4,2.2,,,47827,2916,3.7,100,,10112,909,5.5,21.1,1.4,31776,1496,2.9,66.4,5.1,5939,706,7.2,12.4,1.3,33.5,1.7,3.1,,,118881,1732,0.9,100,,50488,1751,2.1,42.5,1.3,19227,1216,3.8,16.2,1.0,17233,1159,4.1,14.5,1.0,31933,1499,2.9,26.9,1.2,38298,1602,2.5,100,,4028,584,8.8,10.5,1.5,5351,671,7.6,14.0,1.7,6818,754,6.7,17.8,1.8,22101,1291,3.6,57.7,2.4,8583,841,6.0,100,,3205,523,9.9,37.3,4.9,1873,401,13.0,21.8,4.2,2256,440,11.8,26.3,4.4,1249,328,16.0,14.6,3.5,39425,1618,2.5,100,,25244,1365,3.3,64.0,2.3,6025,710,7.2,15.3,1.7,2914,499,10.4,7.4,1.2,5242,664,7.7,13.3,1.6,29765,1458,3.0,100,,17088,1155,4.1,57.4,2.7,5654,689,7.4,19.0,2.1,4725,632,8.1,15.9,2.0,2298,444,11.7,7.7,1.4,160891,743,0.3,100,,59060,2243,2.3,36.7,1.4,45378,1696,2.3,100,,2137,527,15.0,4.7,1.1,12763,1012,4.8,100,,283,193.0,41.4,2.2,1.5,53514,1779,2.0,100,,38212,1970,3.1,71.4,2.8,45150,1693,2.3,100,,17318,1430,5.0,38.4,2.8,65985,2151,2.0,39.4,1.1,8260,953,7.0,17.9,1.7,1013,341,20.5,7.7,2.4,44347,1942,2.7,79.1,5.5,10679,1075,6.1,22.3,1.8
19,03810,125451,2520,1.2,100,,10671,921,5.2,8.5,0.7,101492,1298,0.8,80.9,1.9,13288,1016,4.6,10.6,0.8,60.6,0.5,0.5,,,91570,2481,1.6,100,,6586,736,6.8,7.2,0.8,74891,1619,1.3,81.8,2.8,10093,898,5.4,11.0,0.9,36.8,0.7,1.2,,,3637,937,15.7,100,,397,185,28.4,10.9,4.3,2933,499,10.3,80.6,24.9,307,163,32.3,8.4,3.9,32.4,2.5,4.7,,,18732,1991,6.5,100,,2214,435,11.9,11.8,2.0,14324,1050,4.5,76.5,9.9,2194,433,12.0,11.7,1.9,33.7,1.5,2.7,,,7317,1309,10.9,100,,753,255,20.6,10.3,3.0,6125,711,7.1,83.7,17.9,439,195,27.0,6.0,2.4,32.1,2.0,3.8,,,98075,1364,0.8,100,,8501,830,5.9,8.7,0.8,7984,806,6.1,8.1,0.8,12767,998,4.8,13.0,1.0,68823,1643,1.5,70.2,1.4,74160,1623,1.3,100,,2029,416,12.5,2.7,0.6,5360,668,7.6,7.2,0.9,9555,876,5.6,12.9,1.1,57216,1644,1.7,77.2,1.4,2680,477,10.8,100,,194,130,40.7,7.2,4.7,318,166,31.7,11.9,5.8,541,216,24.3,20.2,7.2,1627,374,14.0,60.7,8.8,13702,1030,4.6,100,,4816,634,8.0,35.1,3.8,1326,338,15.5,9.7,2.4,1403,347,15.0,10.2,2.4,6157,713,7.0,44.9,4.0,4866,638,8.0,100,,971,289,18.1,20.0,5.3,756,256,20.5,15.5,4.8,835,268,19.5,17.2,5.0,2304,443,11.7,47.3,6.7,121388,584,0.3,100,,12178,1203,6.0,10.0,1.0,89141,1497,1.0,100,,2212,535,14.7,2.5,0.6,3476,542,9.5,100,,87,107.0,74.7,2.5,3.1,17963,1156,3.9,100,,8128,1000,7.5,45.2,4.7,6963,756,6.6,100,,1229,400,19.8,17.7,5.4,29494,1615,3.3,23.5,1.2,12312,1133,5.6,13.4,1.2,622,268,26.2,17.1,5.9,12825,1154,5.5,68.5,9.5,2495,532,13.0,34.1,3.9
20,03901,155559,2800,1.1,100,,33993,1519,2.7,21.9,0.9,104912,1723,1.0,67.4,1.6,16654,1137,4.1,10.7,0.7,74.8,0.2,0.2,,,138206,1959,0.9,100,,30163,1454,2.9,21.8,1.0,92548,1805,1.2,67.0,0.9,15495,1101,4.3,11.2,0.8,37.4,0.8,1.3,,,1507,609,24.6,100,,177,124,42.6,11.7,6.7,1058,302,17.4,70.2,34.8,272,154,34.3,18.0,7.1,37.5,4.9,7.9,,,4644,1059,13.9,100,,875,275,19.1,18.8,4.1,3553,549,9.4,76.5,21.1,216,137,38.5,4.7,2.8,33.6,5.0,9.0,,,9958,1523,9.3,100,,2520,464,11.2,25.3,2.6,6849,754,6.7,68.8,13.0,589,226,23.3,5.9,2.1,30.0,2.7,5.5,,,104037,1730,1.0,100,,13668,1041,4.6,13.1,1.0,38114,1581,2.5,36.6,1.4,28802,1428,3.0,27.7,1.3,23453,1316,3.4,22.5,1.2,93108,1802,1.2,100,,11306,954,5.1,12.1,1.0,35332,1540,2.7,37.9,1.5,25746,1366,3.2,27.7,1.4,20724,1249,3.7,22.3,1.3,1174,318,16.5,100,,591,226,23.3,50.3,13.6,228,141,37.5,19.4,10.8,190,128,41.1,16.2,10.0,165,120,44.1,14.1,9.5,2870,495,10.5,100,,306,163,32.4,10.7,5.4,470,202,26.1,16.4,6.4,500,208,25.3,17.4,6.6,1594,370,14.1,55.5,8.6,6043,710,7.1,100,,1281,332,15.8,21.2,4.9,1812,394,13.2,30.0,5.5,2075,422,12.4,34.3,5.7,875,275,19.1,14.5,4.2,145072,922,0.4,100,,9470,1082,6.9,6.5,0.7,129161,1380,0.6,100,,6276,890,8.6,4.9,0.7,1412,349,15.0,100,,0,,,,,4465,614,8.4,100,,1511,444,17.9,33.8,8.8,8892,854,5.8,100,,1457,436,18.2,16.4,4.6,18865,1385,4.5,12.1,0.9,12697,1161,5.6,9.2,0.8,204,154,45.7,13.5,8.6,3328,614,11.2,71.7,21.0,2246,506,13.7,22.6,3.7
21,03902,131283,2577,1.2,100,,27603,1376,3.0,21.0,1.0,86097,1605,1.1,65.6,1.8,17583,1150,4.0,13.4,0.8,68.0,0.3,0.3,,,100272,2428,1.5,100,,19211,1194,3.8,19.2,1.1,65064,1689,1.6,64.9,0.6,15997,1105,4.2,16.0,1.0,39.6,1.0,1.5,,,3473,917,16.1,100,,828,267,19.6,23.8,4.4,2388,451,11.5,68.8,22.3,257,149,35.3,7.4,3.8,33.4,3.8,6.9,,,12484,1677,8.2,100,,2974,503,10.3,23.8,2.4,8864,847,5.8,71.0,11.7,646,236,22.2,5.2,1.8,35.7,4.0,6.8,,,12610,1684,8.1,100,,3942,576,8.9,31.3,1.9,8137,814,6.1,64.5,10.8,531,214,24.5,4.2,1.6,29.6,2.7,5.5,,,89708,1571,1.1,100,,17285,1142,4.0,19.3,1.2,29642,1412,2.9,33.0,1.5,20467,1225,3.6,22.8,1.3,22314,1269,3.5,24.9,1.3,71125,1683,1.4,100,,13645,1031,4.6,19.2,1.4,25011,1326,3.2,35.2,1.7,16012,1105,4.2,22.5,1.5,16457,1118,4.1,23.1,1.5,2081,422,12.3,100,,381,182,29.0,18.3,7.9,598,227,23.1,28.7,9.2,717,249,21.1,34.5,9.7,385,183,28.8,18.5,7.9,7942,805,6.2,100,,1050,301,17.4,13.2,3.5,1065,303,17.3,13.4,3.6,1546,364,14.3,19.5,4.1,4281,600,8.5,53.9,5.2,7194,769,6.5,100,,1920,405,12.8,26.7,4.9,2413,454,11.4,33.5,5.2,1814,394,13.2,25.2,4.8,1047,300,17.4,14.6,3.9,122717,834,0.4,100,,13525,1264,5.7,11.0,1.0,93983,1523,1.0,100,,6243,885,8.6,6.6,0.9,3250,525,9.8,100,,0,,,,,11672,961,5.0,100,,4083,722,10.7,35.0,5.5,11555,957,5.0,100,,2864,607,12.9,24.8,4.8,24663,1522,3.8,18.8,1.1,12338,1137,5.6,12.3,1.1,426,222,31.6,12.3,5.5,8658,967,6.8,69.4,12.1,2695,553,12.5,21.4,3.3
22,03903,162319,2859,1.1,100,,39455,1611,2.5,24.3,0.9,104198,1801,1.1,64.2,1.6,18666,1198,3.9,11.5,0.7,49.1,0.2,0.2,,,82356,3177,2.3,100,,14096,1058,4.6,17.1,1.1,53655,1767,2.0,65.2,3.3,14605,1075,4.5,17.7,1.1,40.7,1.0,1.5,,,36027,2641,4.5,100,,11946,981,5.0,33.2,1.2,22252,1292,3.5,61.8,5.8,1829,396,13.2,5.1,1.0,28.0,2.0,4.3,,,8393,1407,10.2,100,,1796,393,13.3,21.4,3.0,5615,686,7.4,66.9,13.9,982,291,18.0,11.7,2.9,35.1,3.2,5.5,,,29438,2449,5.1,100,,10059,905,5.5,34.2,1.2,18389,1190,3.9,62.5,6.6,990,292,18.0,3.4,1.0,25.9,1.4,3.3,,,103557,1805,1.1,100,,21724,1279,3.6,21.0,1.2,31245,1481,2.9,30.2,1.3,26039,1378,3.2,25.1,1.3,24549,1346,3.3,23.7,1.2,59880,1812,1.8,100,,10226,912,5.4,17.1,1.4,20095,1237,3.7,33.6,1.8,14345,1066,4.5,24.0,1.6,15214,1095,4.4,25.4,1.7,19371,1217,3.8,100,,4196,596,8.6,21.7,2.8,5043,652,7.9,26.0,2.9,6041,711,7.2,31.2,3.1,4091,589,8.7,21.1,2.7,5697,691,7.4,100,,1223,325,16.1,21.5,5.1,1002,294,17.8,17.6,4.7,767,258,20.4,13.5,4.2,2705,481,10.8,47.5,6.2,15255,1096,4.4,100,,5368,672,7.6,35.2,3.6,4260,600,8.6,27.9,3.4,3929,577,8.9,25.8,3.3,1698,382,13.7,11.1,2.4,150918,960,0.4,100,,17611,1438,5.0,11.7,0.9,78236,1877,1.5,100,,3764,696,11.2,4.8,0.9,32783,1508,2.8,100,,1273,408.0,19.5,3.9,1.2,7976,812,6.2,100,,3484,670,11.7,43.7,7.1,26301,1384,3.2,100,,8067,1004,7.6,30.7,3.5,32810,1740,3.2,20.2,1.0,7624,917,7.3,9.3,1.1,8884,986,6.7,24.7,2.1,6303,837,8.1,75.1,16.1,7803,927,7.2,26.5,2.2
23,04001,142534,2683,1.1,100,,36539,1537,2.6,25.6,1.0,91902,1684,1.1,64.5,1.7,14093,1050,4.5,9.9,0.7,46.9,0.2,0.3,,,73515,2976,2.5,100,,18786,1190,3.9,25.6,1.2,46039,1646,2.2,62.6,3.4,8690,842,5.9,11.8,1.0,30.6,1.0,2.0,,,5920,1188,12.2,100,,1233,326,16.1,20.8,3.6,3739,562,9.1,63.2,15.8,948,286,18.3,16.0,3.6,37.2,4.9,8.0,,,5998,1196,12.1,100,,737,252,20.8,12.3,3.4,4657,626,8.2,77.6,18.7,604,229,23.0,10.1,3.2,36.8,2.8,4.6,,,49113,2830,3.5,100,,13103,1017,4.7,26.7,1.4,32859,1482,2.7,66.9,4.9,3151,517,10.0,6.4,1.0,30.2,1.2,2.4,,,85727,1723,1.2,100,,35121,1516,2.6,41.0,1.6,21578,1261,3.6,25.2,1.4,13287,1023,4.7,15.5,1.2,15741,1103,4.3,18.4,1.2,44647,1632,2.2,100,,14626,1068,4.4,32.8,2.1,12415,992,4.9,27.8,2.0,6551,737,6.8,14.7,1.6,11055,941,5.2,24.8,1.9,3989,580,8.8,100,,1255,329,15.9,31.5,6.9,801,263,20.0,20.1,5.9,1283,332,15.7,32.2,6.9,650,237,22.2,16.3,5.5,4395,608,8.4,100,,1841,397,13.1,41.9,6.9,730,251,20.9,16.6,5.2,662,239,22.0,15.1,5.0,1162,316,16.6,26.4,6.2,28693,1411,3.0,100,,15673,1101,4.3,54.6,2.7,6481,733,6.9,22.6,2.3,4533,618,8.3,15.8,2.0,2006,415,12.6,7.0,1.4,131132,955,0.4,100,,52816,2092,2.4,40.3,1.6,67183,1757,1.6,100,,25759,1667,3.9,38.3,2.3,5728,691,7.3,100,,100,115.0,69.7,1.7,2.0,5911,702,7.2,100,,3267,648,12.1,55.3,8.8,45266,1638,2.2,100,,21195,1541,4.4,46.8,3.0,48578,1925,2.4,34.1,1.2,23662,1511,3.9,32.2,1.6,469,233,30.1,7.9,3.6,4847,736,9.2,80.8,20.3,17110,1320,4.7,34.8,1.8
24,04002,116415,2429,1.3,100,,34262,1449,2.6,29.4,1.1,74113,1530,1.3,63.7,1.9,8040,806,6.1,6.9,0.7,26.2,0.2,0.5,,,3207,881,16.7,100,,553,219,24.0,17.2,4.9,2096,423,12.3,65.4,22.3,558,220,23.9,17.4,4.9,32.5,6.3,11.8,,,27961,2299,5.0,100,,8101,809,6.1,29.0,1.6,17414,1134,4.0,62.3,6.5,2446,456,11.3,8.7,1.5,29.1,2.2,4.6,,,4018,983,14.9,100,,964,288,18.2,24.0,4.1,2582,468,11.0,64.3,19.6,472,202,26.0,11.7,4.1,37.1,6.2,10.2,,,78302,2526,2.0,100,,24032,1287,3.3,30.7,1.3,49944,1574,1.9,63.8,2.9,4326,602,8.5,5.5,0.7,26.2,0.9,2.1,,,63064,1585,1.5,100,,32626,1428,2.7,51.7,1.9,15419,1078,4.3,24.4,1.6,10115,896,5.4,16.0,1.4,4904,639,7.9,7.8,1.0,2141,427,12.1,100,,764,257,20.4,35.7,9.7,470,202,26.1,22.0,8.3,304,162,32.5,14.2,7.0,603,228,23.0,28.2,9.1,15440,1079,4.2,100,,5754,689,7.3,37.3,3.6,5574,679,7.4,36.1,3.6,3145,516,10.0,20.4,3.0,967,289,18.1,6.3,1.8,2700,479,10.8,100,,1157,315,16.6,42.9,8.9,390,184,28.6,14.4,6.3,359,176,29.9,13.3,6.1,794,262,20.0,29.4,8.2,40877,1518,2.3,100,,24359,1294,3.2,59.6,2.3,8366,821,6.0,20.5,1.9,5781,691,7.3,14.1,1.6,2371,449,11.5,5.8,1.1,105766,917,0.5,100,,37601,1830,3.0,35.6,1.7,2976,502,10.3,100,,561,271,29.4,18.9,8.5,25654,1318,3.1,100,,1012,363.0,21.8,3.9,1.4,3723,560,9.1,100,,1684,467,16.9,45.2,10.6,70638,1554,1.3,100,,33896,1778,3.2,48.0,2.3,38045,1721,2.8,32.7,1.3,652,274,25.5,20.3,6.5,5943,808,8.3,21.3,2.3,2966,578,11.9,73.8,23.1,26910,1547,3.5,34.4,1.6
25,04003,121057,2476,1.2,100,,34738,1467,2.6,28.7,1.1,75992,1568,1.3,62.8,0.2,10327,906,5.3,8.5,0.7,29.0,0.2,0.4,,,3087,865,17.0,100,,1214,323,16.2,39.3,15.2,1751,387,13.4,56.7,20.3,122,103,51.3,4.0,3.1,21.4,2.8,8.0,,,90732,2378,1.6,100,,25651,1325,3.1,28.3,1.3,56395,1618,1.7,62.2,0.7,8686,837,5.9,9.6,0.9,31.5,1.2,2.3,,,562,373,40.4,100,,102,94,56.1,18.1,11.6,445,196,26.8,79.2,63.1,15,36,146.3,2.7,6.2,32.8,11.4,21.1,,,23457,2169,5.6,100,,7061,760,6.5,30.1,1.7,15182,1074,4.3,64.7,7.5,1214,323,16.2,5.2,1.3,25.5,2.0,4.8,,,68870,1606,1.4,100,,26241,1336,3.1,38.1,1.7,20725,1222,3.6,30.1,1.6,14819,1063,4.4,21.5,1.5,7085,761,6.5,10.3,1.1,1252,328,15.9,100,,412,189,27.9,32.9,12.4,308,163,32.2,24.6,11.3,271,153,34.4,21.6,10.8,261,150,35.0,20.8,10.7,53454,1611,1.8,100,,18257,1161,3.9,34.2,1.9,16892,1124,4.0,31.6,1.9,12276,979,4.8,23.0,1.7,6029,706,7.1,11.3,1.3,439,195,27.0,100,,121,102,51.5,27.6,19.9,145,112,47.0,33.0,20.9,158,117,45.1,36.0,21.4,15,36,146.3,3.4,8.1,11890,965,4.9,100,,6979,756,6.6,58.7,4.2,2701,479,10.8,22.7,3.6,1697,381,13.7,14.3,3.0,513,211,25.0,4.3,1.7,110920,898,0.5,100,,12938,1233,5.8,11.7,1.1,2571,468,11.1,100,,567,273,29.2,22.1,9.8,83286,1503,1.1,100,,2126,524.0,15.0,2.6,0.6,506,209,25.1,100,,269,188,42.5,53.2,29.9,21487,1239,3.5,100,,9567,1077,6.8,44.5,4.3,21821,1439,4.0,18.0,1.1,537,249,28.2,17.4,6.4,12666,1145,5.5,14.0,1.2,463,231,30.3,82.4,68.4,6642,852,7.8,28.3,2.5
26,04004,113068,2394,1.3,100,,18648,1163,3.8,16.5,1.0,83890,1372,1.0,74.2,2.0,10530,911,5.3,9.3,0.8,39.7,0.3,0.5,,,36711,2484,4.1,100,,3487,542,9.4,9.5,1.3,29711,1380,2.8,80.9,6.6,3513,544,9.4,9.6,1.3,35.2,1.1,1.9,,,44673,2593,3.5,100,,8662,834,5.9,19.4,1.5,31147,1400,2.7,69.7,5.1,4864,636,7.9,10.9,1.3,34.3,1.1,1.9,,,4508,1038,14.0,100,,521,212,24.8,11.6,3.9,3794,564,9.0,84.2,23.1,193,129,40.8,4.3,2.7,28.8,1.3,2.7,,,22420,2115,5.7,100,,5134,653,7.7,22.9,2.0,15537,1079,4.2,69.3,8.1,1749,387,13.4,7.8,1.6,31.2,1.8,3.5,,,79118,1437,1.1,100,,16793,1115,4.0,21.2,1.4,13784,1026,4.5,17.4,1.3,14353,1043,4.4,18.1,1.3,34188,1440,2.6,43.2,1.6,29133,1371,2.9,100,,1658,377,13.8,5.7,1.3,2465,458,11.3,8.5,1.5,3622,552,9.3,12.4,1.8,21388,1228,3.5,73.4,2.4,30369,1389,2.8,100,,7108,761,6.5,23.4,2.3,7598,785,6.3,25.0,2.3,7220,766,6.5,23.8,2.3,8443,824,5.9,27.8,2.4,3156,516,9.9,100,,614,230,22.8,19.5,6.6,139,110,48.0,4.4,3.4,489,206,25.6,15.5,6.0,1914,404,12.8,60.6,8.1,13495,1016,4.6,100,,6639,737,6.7,49.2,4.0,2930,498,10.3,21.7,3.3,2295,442,11.7,17.0,3.0,1631,374,13.9,12.1,2.6,106382,739,0.4,100,,11990,1188,6.0,11.3,1.1,35022,1449,2.5,100,,965,355,22.4,2.8,1.0,41975,1514,2.2,100,,1082,376.0,21.1,2.6,0.9,4285,599,8.5,100,,1529,446,17.7,35.7,9.1,20725,1213,3.6,100,,7627,968,7.7,36.8,4.1,19249,1359,4.3,17.0,1.1,2875,569,12.0,7.8,1.5,6050,814,8.2,13.5,1.6,3071,588,11.6,68.1,20.4,5524,780,8.6,24.6,2.6
27,04005,108376,2344,1.3,100,,18755,1161,3.8,17.3,1.0,80008,1349,1.0,73.8,2.0,9613,872,5.5,8.9,0.8,47.3,0.3,0.4,,,60318,2580,2.6,100,,7679,787,6.2,12.7,1.2,46897,1520,2.0,77.7,4.2,5742,687,7.3,9.5,1.1,36.1,0.8,1.3,,,12422,1654,8.1,100,,2743,482,10.7,22.1,2.5,8694,834,5.8,70.0,11.5,985,291,18.0,7.9,2.1,33.9,1.9,3.4,,,4779,1066,13.6,100,,878,275,19.0,18.4,4.0,3570,548,9.3,74.7,20.2,331,169,31.1,6.9,3.2,31.7,1.5,2.9,,,25814,2212,5.2,100,,6332,720,6.9,24.5,1.8,17172,1121,4.0,66.5,7.2,2310,443,11.7,8.9,1.5,31.9,1.4,2.7,,,79230,1361,1.0,100,,13978,1029,4.5,17.6,1.3,11141,932,5.1,14.1,1.2,12544,982,4.8,15.8,1.2,41567,1492,2.2,52.5,1.7,47814,1524,1.9,100,,3956,575,8.8,8.3,1.2,5936,698,7.2,12.4,1.4,5696,685,7.3,11.9,1.4,32226,1403,2.6,67.4,2.0,8438,822,5.9,100,,2302,442,11.7,27.3,4.5,1409,348,15.0,16.7,3.8,2026,416,12.5,24.0,4.3,2701,478,10.8,32.0,4.7,3526,544,9.4,100,,472,202,26.0,13.4,5.3,355,175,30.0,10.1,4.7,449,197,26.7,12.7,5.2,2250,438,11.8,63.8,7.5,16239,1095,4.1,100,,6797,744,6.7,41.9,3.6,3051,508,10.1,18.8,2.9,3433,537,9.5,21.1,3.0,2958,500,10.3,18.2,2.8,102182,712,0.4,100,,12233,1195,5.9,12.0,1.2,57387,1532,1.6,100,,1878,493,16.0,3.3,0.9,11527,946,5.0,100,,553,269.0,29.6,4.8,2.3,4480,611,8.3,100,,1364,421,18.8,30.4,8.4,24068,1275,3.2,100,,7786,975,7.6,32.4,3.7,19409,1358,4.3,17.9,1.2,5575,782,8.5,9.2,1.2,2256,506,13.6,18.2,3.3,2908,572,12.0,60.8,18.1,6747,856,7.7,26.1,2.4
28,04006,120170,2467,1.2,100,,29126,1385,2.9,24.2,1.0,79631,1528,1.2,66.3,1.9,11413,947,5.0,9.5,0.8,31.6,0.2,0.4,,,9330,1463,9.5,100,,1602,371,14.1,17.2,2.9,7004,757,6.6,75.1,14.3,724,250,21.0,7.8,2.4,31.2,2.9,5.7,,,94574,2239,1.4,100,,23849,1289,3.3,25.2,1.2,60801,1616,1.6,64.3,0.8,9924,889,5.4,10.5,0.9,32.2,1.0,1.9,,,2168,728,20.4,100,,311,164,32.1,14.3,5.8,1804,393,13.2,83.2,33.3,53,68,77.8,2.4,3.0,29.4,3.0,6.2,,,10741,1560,8.8,100,,2481,459,11.3,23.1,2.7,7755,794,6.2,72.2,12.8,505,209,25.2,4.7,1.8,30.6,2.3,4.6,,,74464,1569,1.3,100,,24031,1292,3.3,32.3,1.6,20667,1219,3.6,27.8,1.5,16176,1103,4.1,21.7,1.4,13590,1023,4.6,18.3,1.3,6283,719,7.0,100,,664,240,21.9,10.6,3.6,319,166,31.7,5.1,2.6,1208,322,16.2,19.2,4.6,4092,586,8.7,65.1,5.6,58101,1615,1.7,100,,18935,1177,3.8,32.6,1.8,18247,1160,3.9,31.4,1.8,13247,1012,4.6,22.8,1.6,7672,790,6.3,13.2,1.3,1451,353,14.8,100,,343,172,30.6,23.6,10.4,189,128,41.2,13.0,8.2,225,140,37.7,15.5,8.9,694,245,21.4,47.8,12.2,6492,730,6.8,100,,3181,519,9.9,49.0,5.8,1412,348,15.0,21.7,4.8,1110,309,16.9,17.1,4.4,789,261,20.1,12.2,3.8,110771,868,0.5,100,,9351,1065,6.9,8.4,1.0,8613,834,5.9,100,,868,337,23.6,10.1,3.8,87136,1443,1.0,100,,2890,609.0,12.8,3.3,0.7,2039,417,12.4,100,,1011,363,21.8,49.6,14.6,9932,890,5.4,100,,4072,720,10.7,41.0,6.2,36980,1721,2.8,30.8,1.3,1696,440,15.8,18.2,3.8,27301,1562,3.5,28.9,1.5,1642,433,16.0,75.7,32.3,4704,723,9.3,43.8,2.2
29,04007,114262,2406,1.3,100,,37423,1479,2.4,32.8,1.1,68138,1546,1.4,59.6,0.5,8701,836,5.8,7.6,0.7,26.2,0.2,0.5,,,781,439,34.2,100,,263,151,34.9,33.7,3.9,337,171,30.8,43.1,32.7,181,125,42.1,23.2,9.4,32.0,16.4,31.2,,,87105,2270,1.6,100,,29039,1372,2.9,33.3,1.3,51648,1568,1.8,59.3,0.9,6418,725,6.9,7.4,0.8,27.3,1.3,2.9,,,621,392,38.4,100,,195,130,40.5,31.4,6.8,349,174,30.3,56.2,45.2,77,82,64.6,12.4,10.6,31.1,14.3,28.0,,,22671,2127,5.7,100,,7090,760,6.5,31.3,1.6,13811,1027,4.5,60.9,7.3,1770,389,13.4,7.8,1.6,26.4,2.2,5.1,,,60188,1573,1.6,100,,24523,1294,3.2,40.7,1.9,18664,1165,3.8,31.0,1.8,12008,966,4.9,20.0,1.5,4993,644,7.8,8.3,1.0,442,196,26.9,100,,142,111,47.5,32.1,20.7,234,142,37.0,52.9,22.1,31,52,101.8,7.0,11.3,35,55,95.8,7.9,12.0,46041,1545,2.0,100,,17074,1123,4.0,37.1,2.1,14623,1053,4.4,31.8,2.0,10314,903,5.3,22.4,1.8,4030,581,8.8,8.8,1.2,342,172,30.6,100,,73,80,66.3,21.3,20.7,86,86,61.1,25.1,21.9,19,41,130.0,5.6,11.5,164,119,44.2,48.0,25.2,11787,958,4.9,100,,6540,732,6.8,55.5,4.3,3201,520,9.9,27.2,3.8,1428,350,14.9,12.1,2.8,618,231,22.7,5.2,1.9,103173,933,0.5,100,,10814,1135,6.4,10.5,1.1,675,241,21.7,100,,194,160,50.0,28.7,21.3,78668,1459,1.1,100,,1485,439.0,18.0,1.9,0.6,529,214,24.6,100,,131,131,60.9,24.8,22.7,20498,1209,3.6,100,,8818,1035,7.1,43.0,4.4,26271,1530,3.5,23.0,1.2,240,166,42.2,30.7,12.5,17559,1311,4.5,20.2,1.4,298,185,37.8,48.0,42.5,6530,844,7.9,28.8,2.6
30,04008,143427,2691,1.1,100,,40527,1589,2.4,28.3,1.0,90993,1700,1.1,63.4,1.7,11907,974,5.0,8.3,0.7,30.2,0.2,0.4,,,8091,1378,10.4,100,,1010,295,17.8,12.5,3.0,4387,608,8.4,54.2,11.9,2694,479,10.8,33.3,1.7,53.5,3.9,4.4,,,65863,2977,2.7,100,,19256,1204,3.8,29.2,1.3,41254,1598,2.4,62.6,3.7,5353,669,7.6,8.1,0.9,29.3,1.3,2.7,,,5193,1116,13.1,100,,1147,314,16.7,22.1,3.8,3653,556,9.3,70.3,18.5,393,185,28.5,7.6,3.2,30.3,3.3,6.6,,,56633,2920,3.1,100,,17325,1150,4.0,30.6,1.3,36335,1535,2.6,64.2,4.3,2973,503,10.3,5.2,0.8,27.0,1.6,3.6,,,80954,1750,1.3,100,,32616,1480,2.8,40.3,1.6,23164,1299,3.4,28.6,1.5,16831,1136,4.1,20.8,1.3,8343,826,6.0,10.3,1.0,6407,729,6.9,100,,2147,429,12.1,33.5,5.5,1731,385,13.5,27.0,5.2,1115,310,16.9,17.4,4.4,1414,349,15.0,22.1,4.8,36979,1544,2.5,100,,11672,965,5.0,31.6,2.3,11648,964,5.0,31.5,2.3,9588,882,5.6,25.9,2.1,4071,586,8.8,11.0,1.5,3139,517,10.0,100,,1368,343,15.2,43.6,8.2,711,248,21.2,22.7,7.0,523,213,24.7,16.7,6.2,537,216,24.4,17.1,6.3,29707,1431,2.9,100,,15789,1105,4.3,53.1,2.7,7448,783,6.4,25.1,2.3,4734,631,8.1,15.9,2.0,1736,386,13.5,5.8,1.3,131150,988,0.5,100,,28678,1738,3.7,21.9,1.3,7813,801,6.2,100,,2506,569,13.8,32.1,6.5,60149,1742,1.8,100,,1971,506.0,15.6,3.3,0.8,4846,638,8.0,100,,2125,525,15.0,43.9,9.2,51162,1691,2.0,100,,21221,1543,4.4,41.5,2.7,48025,1922,2.4,33.5,1.2,3586,636,10.8,44.3,2.2,15403,1261,5.0,23.4,1.6,3758,651,10.5,72.4,20.0,20312,1420,4.3,35.9,1.7
31,04009,190396,3091,1.0,100,,44462,1721,2.4,23.4,0.8,124773,1933,0.9,65.5,1.5,21161,1278,3.7,11.1,0.6,43.5,0.2,0.3,,,67380,3291,3.0,100,,11049,951,5.2,16.4,1.2,41700,1682,2.5,61.9,3.9,14631,1083,4.5,21.7,1.2,44.7,1.2,1.6,,,96129,3441,2.2,100,,26090,1399,3.3,27.1,1.1,65123,1930,1.8,67.7,3.1,4916,645,8.0,5.1,0.6,30.9,1.0,2.0,,,6239,1225,11.9,100,,1337,340,15.4,21.4,3.5,4386,610,8.5,70.3,16.9,516,211,24.9,8.3,3.0,37.5,3.7,6.0,,,15169,1864,7.5,100,,4426,613,8.4,29.2,1.9,9962,906,5.5,65.7,10.0,781,260,20.2,5.1,1.6,30.3,2.3,4.6,,,122522,1948,1.0,100,,26416,1406,3.2,21.6,1.1,34929,1574,2.7,28.5,1.2,33413,1547,2.8,27.3,1.2,27764,1435,3.1,22.7,1.1,49528,1784,2.2,100,,8467,838,6.0,17.1,1.6,16776,1153,4.2,33.9,2.0,12000,988,5.0,24.2,1.8,12285,999,4.9,24.8,1.8,56439,1858,2.0,100,,11993,988,5.0,21.2,1.6,14646,1084,4.5,26.0,1.7,17688,1181,4.1,31.3,1.8,12112,993,5.0,21.5,1.6,4381,610,8.5,100,,1414,349,15.0,32.3,6.6,597,227,23.2,13.6,4.8,794,262,20.1,18.1,5.4,1576,369,14.2,36.0,6.8,8842,856,5.9,100,,3651,558,9.3,41.3,4.9,2107,426,12.3,23.8,4.2,2047,419,12.5,23.2,4.2,1037,299,17.5,11.7,3.2,177778,1012,0.3,100,,19868,1530,4.7,11.2,0.9,64155,1923,1.8,100,,5685,852,9.1,8.9,1.3,88823,2029,1.4,100,,7436,970.0,7.9,8.4,1.1,5942,707,7.2,100,,2648,586,13.5,44.6,8.3,14011,1062,4.6,100,,3285,652,12.1,23.4,4.3,68599,2253,2.0,36.0,1.0,10764,1084,6.1,16.0,1.4,46439,2015,2.6,48.3,1.2,4572,718,9.6,73.3,18.4,4037,676,10.2,26.6,3.0
32,04010,146623,2720,1.1,100,,35150,1524,2.6,24.0,0.9,98389,1677,1.0,67.1,1.7,13084,1018,4.7,8.9,0.7,30.9,0.2,0.4,,,2954,849,17.5,100,,497,207,25.4,16.8,5.1,1734,386,13.5,58.7,21.3,723,250,21.0,24.5,4.7,44.7,7.3,9.9,,,128995,1965,0.9,100,,31291,1462,2.8,24.3,1.1,86518,1755,1.2,67.1,0.9,11186,948,5.1,8.7,0.7,33.0,0.8,1.5,,,1988,699,21.4,100,,276,155,34.1,13.9,6.1,1550,365,14.3,78.0,33.0,162,119,44.5,8.1,5.2,33.7,8.0,14.4,,,8019,1373,10.4,100,,1852,399,13.1,23.1,3.0,5551,681,7.5,69.2,14.6,616,231,22.8,7.7,2.6,30.4,2.8,5.6,,,90949,1732,1.2,100,,27177,1387,3.1,29.9,1.4,26129,1366,3.2,28.7,1.4,23526,1310,3.4,25.9,1.4,14117,1053,4.5,15.5,1.1,2057,420,12.4,100,,329,169,31.2,16.0,7.5,875,275,19.1,42.5,10.2,353,175,30.1,17.2,7.7,500,208,25.3,24.3,8.8,79559,1778,1.4,100,,23205,1303,3.4,29.2,1.5,22926,1296,3.4,28.8,1.5,21230,1256,3.6,26.7,1.5,12198,986,4.9,15.3,1.2,1401,347,15.1,100,,608,229,22.9,43.4,12.3,120,102,51.7,8.6,7.0,207,134,39.4,14.8,8.8,466,201,26.2,33.3,11.7,4896,641,8.0,100,,2267,440,11.8,46.3,6.6,1162,316,16.6,23.7,5.7,951,287,18.3,19.4,5.3,516,211,24.9,10.5,4.1,136362,911,0.4,100,,14038,1293,5.6,10.3,0.9,2754,485,10.7,100,,484,252,31.6,17.6,8.6,120087,1374,0.7,100,,9685,1091.0,6.8,8.1,0.9,1931,407,12.8,100,,673,297,26.8,34.9,13.5,7419,782,6.4,100,,2555,575,13.7,34.4,6.8,79490,2052,1.6,54.2,1.0,827,308,22.7,28.0,6.7,70416,2058,1.8,54.6,1.4,1701,441,15.8,85.6,37.4,3929,665,10.3,49.0,11.8
33,04011,114012,2404,1.3,100,,27111,1340,3.0,23.8,1.1,75543,1488,1.2,66.3,1.9,11358,943,5.0,10.0,0.8,33.7,0.2,0.4,,,9499,1472,9.4,100,,3118,513,10.0,32.8,1.8,5613,681,7.4,59.1,11.6,768,257,20.4,8.1,2.4,24.0,2.3,5.8,,,90754,2146,1.4,100,,20932,1219,3.5,23.1,1.2,60739,1570,1.6,66.9,0.7,9083,852,5.7,10.0,0.9,34.5,1.1,1.9,,,563,373,40.3,100,,106,96,55.0,18.8,11.6,279,156,33.9,49.6,42.9,178,124,42.4,31.6,6.9,45.0,12.8,17.3,,,9289,1457,9.5,100,,1957,409,12.7,21.1,2.9,6432,726,6.9,69.2,13.4,900,279,18.8,9.7,2.6,34.7,4.0,7.0,,,70625,1528,1.3,100,,20390,1206,3.6,28.9,1.6,21790,1238,3.5,30.9,1.6,18224,1153,3.8,25.8,1.5,10221,899,5.3,14.5,1.2,4537,615,8.2,100,,460,200,26.4,10.1,4.2,1203,322,16.3,26.5,6.1,1277,331,15.8,28.1,6.2,1597,370,14.1,35.2,6.6,57344,1574,1.7,100,,16794,1115,4.0,29.3,1.8,18086,1150,3.9,31.5,1.8,14837,1059,4.3,25.9,1.7,7627,786,6.3,13.3,1.3,420,191,27.6,100,,90,88,59.7,21.4,18.7,79,83,63.7,18.8,17.8,69,77,68.2,16.4,16.9,182,126,42.0,43.3,22.5,5918,698,7.2,100,,2324,445,11.6,39.3,5.9,1710,383,13.6,28.9,5.5,1460,354,14.7,24.7,5.2,424,192,27.5,7.2,3.1,105875,810,0.5,100,,13100,1235,5.7,12.4,1.2,8557,829,5.9,100,,1100,379,20.9,12.9,4.2,84410,1380,1.0,100,,8774,1032.0,7.2,10.4,1.2,548,218,24.1,100,,171,150,53.3,31.2,24.4,8776,839,5.8,100,,2421,558,14.0,27.6,5.8,55848,1815,2.0,49.0,1.2,1728,444,15.6,18.2,3.7,46826,1787,2.3,51.6,1.5,303,187,37.5,53.8,48.8,5126,753,8.9,55.2,11.9
34,04012,136334,2625,1.2,100,,31717,1454,2.8,23.3,1.0,91790,1614,1.1,67.3,1.8,12827,1005,4.8,9.4,0.7,36.4,0.2,0.3,,,30542,2429,4.8,100,,4608,622,8.2,15.1,1.6,19458,1204,3.8,63.7,6.4,6476,732,6.9,21.2,1.7,42.0,1.7,2.5,,,4685,1061,13.8,100,,829,268,19.6,17.7,4.1,3577,550,9.3,76.4,20.9,279,156,33.9,6.0,3.0,31.1,3.5,6.8,,,30281,2421,4.9,100,,6559,737,6.8,21.7,1.7,21288,1249,3.6,70.3,7.0,2434,456,11.4,8.0,1.4,33.3,1.5,2.7,,,65026,2909,2.7,100,,18383,1176,3.9,28.3,1.3,43568,1605,2.2,67.0,3.9,3075,511,10.1,4.7,0.8,27.8,1.0,2.2,,,85377,1665,1.2,100,,38886,1554,2.4,45.5,1.6,19232,1198,3.8,22.5,1.3,13875,1041,4.6,16.3,1.2,13384,1024,4.7,15.7,1.2,23432,1298,3.4,100,,5834,697,7.3,24.9,2.6,5692,688,7.4,24.3,2.6,4530,617,8.3,19.3,2.4,7376,779,6.4,31.5,2.8,2904,497,10.4,100,,682,243,21.6,23.5,7.3,642,236,22.3,22.1,7.2,768,258,20.4,26.4,7.6,812,265,19.8,28.0,7.8,19767,1212,3.7,100,,11944,973,5.0,60.4,3.2,3567,549,9.4,18.0,2.5,2009,415,12.5,10.2,2.0,2247,438,11.9,11.4,2.1,35846,1515,2.6,100,,19127,1195,3.8,53.4,2.5,8276,822,6.0,23.1,2.1,6012,707,7.1,16.8,1.8,2431,455,11.4,6.8,1.2,125990,911,0.4,100,,54250,2073,2.3,43.1,1.6,29154,1411,2.9,100,,4427,751,10.3,15.2,2.5,4380,607,8.4,100,,160,145.0,55.1,3.7,3.3,28247,1395,3.0,100,,20842,1524,4.4,73.8,4.0,58745,1704,1.8,100,,27765,1706,3.7,47.3,2.6,62654,1979,1.9,46.0,1.2,7667,915,7.3,25.1,2.2,1668,437,15.9,35.6,4.7,24548,1526,3.8,81.1,8.2,25677,1553,3.7,39.5,1.6
35,04013,122506,2490,1.2,100,,20681,1222,3.6,16.9,0.9,81159,1543,1.2,66.2,1.8,20666,1222,3.6,16.9,0.9,67.3,0.3,0.3,,,85312,2539,1.8,100,,12429,985,4.8,14.6,1.1,54846,1622,1.8,64.3,2.7,18037,1156,3.9,21.1,1.2,42.3,1.0,1.4,,,1382,583,25.6,100,,188,128,41.3,13.6,7.2,1100,308,17.0,79.6,40.3,94,90,58.4,6.8,5.9,36.0,2.6,4.4,,,15705,1846,7.1,100,,3187,519,9.9,20.3,2.3,11212,941,5.1,71.4,10.3,1306,335,15.6,8.3,1.9,33.6,1.5,2.7,,,12853,1692,8.0,100,,3182,519,9.9,24.8,2.4,8988,851,5.8,69.9,11.3,683,243,21.6,5.3,1.8,29.2,2.2,4.6,,,90054,1440,1.0,100,,18821,1176,3.8,20.9,1.3,24249,1300,3.3,26.9,1.4,18096,1158,3.9,20.1,1.2,28888,1385,2.9,32.1,1.4,65736,1627,1.5,100,,11944,968,4.9,18.2,1.4,18964,1180,3.8,28.8,1.6,13355,1017,4.6,20.3,1.5,21473,1240,3.5,32.7,1.7,1070,304,17.2,100,,149,114,46.4,13.9,9.9,156,116,45.3,14.6,10.1,402,187,28.2,37.6,13.8,363,177,29.7,33.9,13.5,11013,933,5.2,100,,3566,548,9.4,32.4,4.2,2196,433,12.0,19.9,3.5,1418,349,15.0,12.9,3.0,3833,568,9.0,34.8,4.2,7413,778,6.4,100,,1862,399,13.0,25.1,4.7,1830,396,13.1,24.7,4.7,2207,434,12.0,29.8,5.0,1514,360,14.5,20.4,4.4,115014,782,0.4,100,,28932,1705,3.6,25.2,1.5,80871,1545,1.2,100,,14209,1286,5.5,17.6,1.6,1346,340,15.4,100,,98,114.0,70.4,7.3,8.2,14616,1058,4.4,100,,8250,1006,7.4,56.4,5.5,11822,963,5.0,100,,3642,682,11.4,30.8,5.2,45819,1822,2.4,37.4,1.3,23962,1493,3.8,28.1,1.5,461,230,30.4,33.4,8.9,12220,1128,5.6,77.8,11.6,4268,690,9.8,33.2,3.1
36,04014,160633,2845,1.1,100,,46878,1698,2.2,29.2,0.9,92530,1846,1.2,57.6,0.5,21225,1265,3.6,13.2,0.8,67.4,0.2,0.2,,,113048,2887,1.6,100,,33891,1524,2.7,30.0,1.1,60765,1812,1.8,53.8,0.8,18392,1190,3.9,16.3,1.0,29.6,1.1,2.3,,,5154,1114,13.1,100,,1379,345,15.2,26.8,3.4,3540,548,9.4,68.7,18.3,235,143,36.9,4.6,2.6,32.9,2.8,5.2,,,18227,2005,6.7,100,,4826,638,8.0,26.5,1.9,12332,995,4.9,67.7,9.2,1069,304,17.3,5.9,1.5,31.2,2.1,4.1,,,17638,1977,6.8,100,,4931,644,7.9,28.0,1.9,11815,975,5.0,67.0,9.3,892,278,18.9,5.1,1.5,28.1,1.6,3.5,,,91725,1849,1.2,100,,28163,1421,3.1,30.7,1.4,26592,1389,3.2,29.0,1.4,17245,1157,4.1,18.8,1.2,19725,1226,3.8,21.5,1.3,63454,1826,1.7,100,,16943,1148,4.1,26.7,1.6,20061,1235,3.7,31.6,1.7,12149,988,4.9,19.1,1.5,14301,1064,4.5,22.5,1.5,3254,526,9.8,100,,517,212,24.9,15.9,6.0,699,246,21.4,21.5,6.7,1065,303,17.3,32.7,7.7,973,290,18.1,29.9,7.5,11366,958,5.1,100,,4753,633,8.1,41.8,4.3,2295,443,11.7,20.2,3.5,1758,389,13.4,15.5,3.2,2560,468,11.1,22.5,3.7,10064,905,5.5,100,,4636,625,8.2,46.1,4.6,2325,446,11.7,23.1,3.9,1777,391,13.4,17.7,3.5,1326,338,15.5,13.2,3.1,144585,1120,0.5,100,,45430,2071,2.8,31.4,1.4,101211,1804,1.1,100,,25954,1692,4.0,25.6,1.6,4765,634,8.1,100,,465,247.0,32.3,9.8,5.0,16822,1144,4.1,100,,10081,1115,6.7,59.9,5.2,15728,1110,4.3,100,,6796,926,8.3,43.2,5.0,64172,2111,2.0,39.9,1.1,35401,1787,3.1,31.3,1.4,2518,535,12.9,48.9,14.8,14263,1226,5.2,78.3,10.9,8350,957,7.0,47.3,1.1
37,04015,163638,2871,1.1,100,,41284,1638,2.4,25.2,0.9,104205,1813,1.1,63.7,1.6,18149,1184,4.0,11.1,0.7,43.0,0.2,0.3,,,61230,3088,3.1,100,,13608,1041,4.7,22.2,1.3,35648,1557,2.7,58.2,3.9,11974,982,5.0,19.6,1.3,39.2,1.5,2.3,,,61464,3090,3.1,100,,16792,1144,4.1,27.3,1.3,40504,1627,2.4,65.9,4.2,4168,594,8.7,6.8,0.9,31.1,1.3,2.5,,,12808,1714,8.1,100,,3041,509,10.2,23.7,2.4,9051,862,5.8,70.7,11.6,716,249,21.1,5.6,1.8,31.5,2.5,4.8,,,20354,2106,6.3,100,,5611,686,7.4,27.6,1.8,13887,1051,4.6,68.2,8.7,856,272,19.3,4.2,1.3,29.4,2.2,4.5,,,100517,1835,1.1,100,,27839,1417,3.1,27.7,1.3,25783,1374,3.2,25.7,1.3,22323,1294,3.5,22.2,1.2,24572,1347,3.3,24.4,1.3,40408,1626,2.4,100,,6682,746,6.8,16.5,1.7,8732,847,5.9,21.6,1.9,9135,866,5.8,22.6,1.9,15859,1116,4.3,39.2,2.3,36168,1565,2.6,100,,11116,949,5.2,30.7,2.3,10942,942,5.2,30.3,2.3,9150,866,5.8,25.3,2.1,4960,646,7.9,13.7,1.7,7965,811,6.2,100,,3495,545,9.5,43.9,5.2,1910,405,12.9,24.0,4.5,954,287,18.3,12.0,3.4,1606,372,14.1,20.2,4.2,11517,965,5.1,100,,5327,669,7.6,46.3,4.3,2797,489,10.6,24.3,3.7,2293,443,11.8,19.9,3.5,1100,308,17.0,9.6,2.6,151480,989,0.4,100,,39829,1992,3.0,26.3,1.3,57579,1801,1.9,100,,15399,1355,5.3,26.7,2.2,56537,1793,1.9,100,,7614,978.0,7.8,13.5,1.7,11770,974,5.0,100,,6284,892,8.6,53.4,6.2,18683,1199,3.9,100,,8763,1045,7.2,46.9,4.7,81433,2175,1.6,49.8,1.0,23725,1532,3.9,38.7,1.6,32310,1732,3.3,52.6,1.0,10536,1068,6.2,82.3,13.8,10143,1049,6.3,49.8,7.3
38,04016,150967,2760,1.1,100,,29162,1430,3.0,19.3,0.9,95097,1749,1.1,63.0,0.1,26708,1382,3.1,17.7,0.9,69.9,0.2,0.2,,,113981,2636,1.4,100,,20074,1230,3.7,17.6,1.0,70007,1806,1.6,61.4,0.7,23900,1322,3.4,21.0,1.1,42.3,0.9,1.3,,,5220,1120,13.0,100,,1809,394,13.2,34.7,1.3,3040,509,10.2,58.2,15.8,371,179,29.4,7.1,3.1,24.3,3.9,9.8,,,18684,2018,6.6,100,,4037,584,8.8,21.6,2.1,13220,1024,4.7,70.8,9.4,1427,350,14.9,7.6,1.7,34.9,2.0,3.5,,,9641,1499,9.4,100,,2536,465,11.2,26.3,2.6,6462,733,6.9,67.0,12.9,643,236,22.3,6.7,2.2,28.4,2.0,4.3,,,104121,1676,1.0,100,,22700,1295,3.5,21.8,1.2,29605,1438,3.0,28.4,1.3,21563,1267,3.6,20.7,1.2,30253,1450,2.9,29.1,1.3,81441,1805,1.3,100,,13893,1047,4.6,17.1,1.2,24046,1325,3.4,29.5,1.5,17641,1163,4.0,21.7,1.3,25861,1365,3.2,31.8,1.5,2544,466,11.1,100,,792,262,20.1,31.1,8.6,773,259,20.3,30.4,8.5,628,233,22.6,24.7,8.0,351,174,30.2,13.8,6.4,12428,995,4.9,100,,4974,646,7.9,40.0,4.1,2964,502,10.3,23.8,3.6,1486,358,14.6,12.0,2.7,3004,506,10.2,24.2,3.6,5611,685,7.4,100,,2442,457,11.4,43.5,6.2,1165,317,16.5,20.8,5.0,1327,338,15.5,23.6,5.3,677,242,21.7,12.1,4.1,142462,835,0.4,100,,42969,2011,2.8,30.2,1.4,108240,1632,0.9,100,,27577,1722,3.8,25.5,1.5,4701,629,8.1,100,,229,173.0,46.1,4.9,3.6,17690,1165,4.0,100,,10929,1155,6.4,61.8,5.1,8758,847,5.9,100,,3341,656,11.9,38.1,6.5,67145,2077,1.9,44.5,1.1,46468,1929,2.5,40.8,1.4,952,331,21.1,18.2,5.0,14418,1228,5.2,77.2,10.6,3553,634,10.8,36.9,3.2
39,04017,171385,2936,1.0,100,,30713,1480,2.9,17.9,0.8,111303,1841,1.0,64.9,1.5,29369,1454,3.0,17.1,0.8,65.3,0.2,0.2,,,111826,3110,1.7,100,,16616,1142,4.2,14.9,0.9,69578,1895,1.7,62.2,2.4,25632,1376,3.3,22.9,1.1,43.3,1.0,1.4,,,680,411,36.7,100,,26,48,111.1,3.8,6.6,585,225,23.4,86.0,61.6,69,77,68.2,10.1,9.6,33.4,9.8,17.8,,,39744,2756,4.2,100,,8633,844,5.9,21.7,1.5,28549,1438,3.1,71.8,6.2,2562,468,11.1,6.4,1.1,34.3,1.4,2.5,,,14120,1796,7.7,100,,4033,585,8.8,28.6,2.0,9606,888,5.6,68.0,10.7,481,204,25.8,3.4,1.4,28.0,2.5,5.4,,,120956,1759,0.9,100,,39034,1618,2.5,32.3,1.3,36205,1575,2.6,29.9,1.2,20956,1264,3.7,17.3,1.0,24761,1357,3.3,20.5,1.1,83500,1929,1.4,100,,22674,1307,3.5,27.2,1.4,26774,1401,3.2,32.1,1.5,15283,1100,4.4,18.3,1.2,18769,1205,3.9,22.5,1.3,463,200,26.3,100,,83,85,62.2,17.9,16.6,163,119,44.4,35.2,20.7,106,96,55.0,22.9,18.2,111,98,53.8,24.0,18.5,26211,1389,3.2,100,,12578,1006,4.9,48.0,2.9,5817,699,7.3,22.2,2.4,3281,529,9.8,12.5,1.9,4535,619,8.3,17.3,2.2,7716,800,6.3,100,,2898,498,10.4,37.6,5.1,2554,468,11.1,33.1,5.0,1581,369,14.2,20.5,4.3,683,243,21.6,8.9,3.0,162316,864,0.3,100,,65997,2311,2.1,40.7,1.4,107370,1867,1.1,100,,31520,1840,3.5,29.4,1.6,654,238,22.1,100,,32,65.0,123.3,4.9,9.8,37337,1593,2.6,100,,26853,1726,3.9,71.9,3.5,12499,1003,4.9,100,,5803,859,9.0,46.4,5.8,86494,2226,1.6,50.5,1.0,46845,1984,2.6,41.9,1.3,101,108,65.0,14.9,13.1,31110,1716,3.4,78.3,6.9,5998,818,8.3,42.5,2.1
40,04018,116574,2430,1.3,100,,22999,1267,3.3,19.7,1.0,70410,1557,1.3,60.4,0.4,23165,1270,3.3,19.9,1.0,64.3,0.2,0.2,,,67082,2662,2.4,100,,7544,783,6.3,11.2,1.1,39263,1504,2.3,58.5,3.2,20275,1206,3.6,30.2,1.3,51.1,1.2,1.4,,,17337,1916,6.7,100,,5916,699,7.2,34.1,1.4,10241,901,5.3,59.1,8.3,1180,319,16.4,6.8,1.7,25.9,3.5,8.2,,,9931,1504,9.2,100,,2876,494,10.4,29.0,2.3,6728,742,6.7,67.7,12.7,327,168,31.3,3.3,1.6,32.5,2.5,4.7,,,18387,1963,6.5,100,,5594,680,7.4,30.4,1.8,11744,958,5.0,63.9,8.6,1049,301,17.4,5.7,1.5,25.5,1.9,4.5,,,79913,1478,1.1,100,,23283,1272,3.3,29.1,1.5,21940,1244,3.4,27.5,1.5,16130,1099,4.1,20.2,1.3,18560,1164,3.8,23.2,1.4,53509,1586,1.8,100,,11905,964,4.9,22.2,1.7,14683,1056,4.4,27.4,1.8,11296,941,5.1,21.1,1.6,15625,1084,4.2,29.2,1.8,8858,843,5.8,100,,3101,512,10.0,35.0,4.7,2605,470,11.0,29.4,4.5,2275,440,11.8,25.7,4.3,877,275,19.1,9.9,3.0,5832,694,7.2,100,,2450,457,11.3,42.0,6.0,1441,352,14.8,24.7,5.3,827,267,19.6,14.2,4.3,1114,310,16.9,19.1,4.8,9373,865,5.6,100,,5304,663,7.6,56.6,4.8,2422,454,11.4,25.8,4.2,1224,324,16.1,13.1,3.2,423,191,27.5,4.5,2.0,110022,733,0.4,100,,40679,1867,2.8,37.0,1.7,64804,1581,1.5,100,,26426,1640,3.8,40.8,2.3,15982,1095,4.2,100,,851,333.0,23.8,5.3,2.1,9232,859,5.7,100,,5605,838,9.1,60.7,7.1,16542,1111,4.1,100,,6777,917,8.2,41.0,4.8,54922,1833,2.0,47.1,1.2,37100,1711,2.8,55.3,1.3,1852,459,15.1,10.7,2.4,7174,883,7.5,72.2,14.1,6577,847,7.8,35.8,2.6
41,04101,190035,3088,1.0,100,,33541,1549,2.8,17.6,0.8,133400,1859,0.8,70.2,1.5,23094,1328,3.5,12.2,0.7,46.0,0.2,0.3,,,85769,3422,2.4,100,,9835,900,5.6,11.5,0.9,59936,1888,1.9,69.9,3.6,15998,1128,4.3,18.7,1.1,38.3,1.0,1.6,,,12810,1724,8.2,100,,3850,572,9.0,30.1,1.9,7762,804,6.3,60.6,10.3,1198,322,16.3,9.4,2.2,29.6,2.5,5.1,,,24490,2304,5.7,100,,4706,631,8.2,19.2,1.8,18499,1205,4.0,75.5,8.6,1285,333,15.8,5.2,1.3,31.6,1.3,2.5,,,51963,3065,3.6,100,,12642,1013,4.9,24.3,1.3,35662,1587,2.7,68.6,5.1,3659,558,9.3,7.0,1.0,30.9,1.0,2.0,,,131336,1877,0.9,100,,39448,1648,2.5,30.0,1.2,34446,1565,2.8,26.2,1.1,24897,1371,3.3,19.0,1.0,32545,1531,2.9,24.8,1.1,65732,1933,1.8,100,,16138,1133,4.3,24.6,1.6,17656,1180,4.1,26.9,1.6,11910,985,5.0,18.1,1.4,20028,1248,3.8,30.5,1.7,7293,781,6.5,100,,2462,460,11.3,33.8,5.2,2297,444,11.8,31.5,5.1,1738,387,13.5,23.8,4.7,796,262,20.0,10.9,3.4,16156,1133,4.3,100,,4892,644,8.0,30.3,3.4,2925,500,10.4,18.1,2.8,2618,474,11.0,16.2,2.7,5721,694,7.4,35.4,3.5,31830,1517,2.9,100,,13152,1031,4.8,41.3,2.6,8446,837,6.0,26.5,2.3,6377,732,7.0,20.0,2.1,3855,573,9.0,12.1,1.7,179129,945,0.3,100,,60592,2331,2.3,33.8,1.3,82516,2014,1.5,100,,17877,1460,5.0,21.7,1.7,11685,976,5.1,100,,313,203.0,39.4,2.7,1.7,22919,1323,3.5,100,,11840,1209,6.2,51.7,4.3,47844,1764,2.2,100,,25723,1711,4.0,53.8,3.0,92489,2344,1.5,48.7,0.9,31600,1746,3.4,36.8,1.4,1008,341,20.5,7.9,2.4,20337,1449,4.3,83.0,9.8,29859,1706,3.5,57.5,4.7
42,04102,175586,2971,1.0,100,,38398,1615,2.6,21.9,0.8,118599,1829,0.9,67.5,1.5,18589,1202,3.9,10.6,0.7,34.1,0.2,0.4,,,25566,2331,5.5,100,,3591,553,9.4,14.0,1.7,14155,1063,4.6,55.4,6.5,7820,806,6.3,30.6,1.5,48.3,2.1,2.6,,,16080,1907,7.2,100,,3151,519,10.0,19.6,2.2,9871,900,5.5,61.4,9.2,3058,511,10.2,19.0,2.2,41.1,2.5,3.7,,,24149,2277,5.7,100,,5142,659,7.8,21.3,1.8,16857,1151,4.1,69.8,8.1,2150,430,12.1,8.9,1.6,34.8,1.8,3.1,,,104117,3247,1.9,100,,24931,1363,3.3,23.9,1.1,73891,1928,1.6,71.0,2.9,5295,668,7.7,5.1,0.6,29.2,0.6,1.2,,,112576,1874,1.0,100,,40144,1640,2.5,35.7,1.3,28965,1450,3.0,25.7,1.2,23750,1336,3.4,21.1,1.1,19717,1233,3.8,17.5,1.1,20168,1245,3.8,100,,4194,596,8.6,20.8,2.7,5803,698,7.3,28.8,3.0,4483,616,8.4,22.2,2.7,5688,692,7.4,28.2,3.0,11534,968,5.1,100,,3054,511,10.2,26.5,3.8,3000,506,10.3,26.0,3.8,3580,552,9.4,31.0,4.0,1900,404,12.9,16.5,3.2,15970,1123,4.3,100,,3914,577,9.0,24.5,3.2,3173,520,10.0,19.9,2.9,3012,507,10.2,18.9,2.9,5871,702,7.3,36.8,3.6,61774,1865,1.8,100,,28155,1433,3.1,45.6,1.9,15976,1123,4.3,25.9,1.6,11998,986,5.0,19.4,1.5,5645,689,7.4,9.1,1.1,162726,1018,0.4,100,,78738,2391,1.8,48.4,1.4,24126,1345,3.4,100,,5300,823,9.4,22.0,3.2,15080,1094,4.4,100,,831,330.0,24.1,5.5,2.2,22641,1309,3.5,100,,13001,1259,5.9,57.4,4.5,95705,1945,1.2,100,,58343,2264,2.4,61.0,2.0,110773,2175,1.2,63.1,0.6,9729,1031,6.4,38.1,2.1,4955,746,9.2,30.8,2.9,19661,1421,4.4,81.4,9.7,72726,2220,1.9,69.9,3.0
43,04103,245230,3496,0.9,100,,41854,1737,2.5,17.1,0.7,163947,2173,0.8,66.9,1.3,39429,1696,2.6,16.1,0.7,49.3,0.2,0.2,,,100637,3843,2.3,100,,13490,1052,4.7,13.4,0.9,59698,1981,2.0,59.3,3.0,27449,1455,3.2,27.3,1.0,46.4,1.1,1.4,,,7397,1336,11.0,100,,1338,340,15.4,18.1,3.2,5068,657,7.9,68.5,15.2,991,293,18.0,13.4,3.1,39.3,3.0,4.6,,,88746,3754,2.6,100,,15656,1128,4.4,17.6,1.0,65852,2046,1.9,74.2,3.9,7238,781,6.6,8.2,0.8,36.0,0.8,1.4,,,40480,2900,4.4,100,,9225,878,5.8,22.8,1.4,28158,1472,3.2,69.6,6.2,3097,515,10.1,7.7,1.1,33.2,1.5,2.7,,,177862,2060,0.7,100,,42915,1754,2.5,24.1,0.9,46954,1816,2.4,26.4,1.0,38846,1685,2.6,21.8,0.9,49147,1848,2.3,27.6,1.0,79819,2163,1.6,100,,15374,1119,4.4,19.3,1.3,24442,1383,3.4,30.6,1.5,18709,1225,4.0,23.4,1.4,21294,1300,3.7,26.7,1.5,5119,660,7.8,100,,1027,298,17.6,20.1,5.2,1490,359,14.6,29.1,5.9,1666,379,13.8,32.5,6.1,936,285,18.5,18.3,5.0,62301,2010,2.0,100,,16490,1156,4.3,26.5,1.6,13471,1052,4.7,21.6,1.5,10804,947,5.3,17.3,1.4,21536,1306,3.7,34.6,1.8,25803,1416,3.3,100,,8585,848,6.0,33.3,2.7,6730,754,6.8,26.1,2.5,6671,751,6.8,25.9,2.5,3817,571,9.1,14.8,2.1,232365,1029,0.3,100,,86055,2711,1.9,37.0,1.2,96616,2256,1.4,100,,11581,1205,6.3,12.0,1.2,6987,768,6.7,100,,317,204.0,39.1,4.5,2.9,83896,2190,1.6,100,,53018,2339,2.7,63.2,2.2,37689,1665,2.7,100,,18294,1493,5.0,48.5,3.3,125142,2663,1.3,51.0,0.8,21408,1503,4.3,21.3,1.3,2003,479,14.5,27.1,4.3,73736,2442,2.0,83.1,4.5,23279,1561,4.1,57.5,5.6
44,04104,114217,2406,1.3,100,,19625,1188,3.7,17.2,1.0,74312,1502,1.2,65.1,1.9,20280,1204,3.6,17.8,1.0,62.0,0.3,0.3,,,68033,2616,2.3,100,,8871,843,5.8,13.0,1.1,42508,1523,2.2,62.5,3.3,16654,1112,4.1,24.5,1.3,46.6,1.1,1.4,,,2213,735,20.2,100,,563,221,23.8,25.4,5.3,1288,333,15.7,58.2,24.5,362,177,29.7,16.4,5.9,33.1,4.1,7.5,,,30510,2359,4.7,100,,7190,765,6.5,23.6,1.7,21241,1226,3.5,69.6,6.7,2079,421,12.3,6.8,1.3,35.2,1.5,2.6,,,10034,1509,9.1,100,,2231,436,11.9,22.2,2.8,6981,755,6.6,69.6,12.9,822,266,19.7,8.2,2.4,34.7,2.7,4.7,,,83718,1394,1.0,100,,12343,978,4.8,14.7,1.1,20580,1211,3.6,24.6,1.4,19156,1177,3.7,22.9,1.4,31639,1410,2.7,37.8,1.6,53563,1572,1.8,100,,7091,760,6.5,13.2,1.4,14586,1051,4.4,27.2,1.8,12343,978,4.8,23.0,1.7,19543,1186,3.7,36.5,1.9,1477,356,14.6,100,,251,148,35.7,17.0,9.1,487,205,25.6,33.0,11.4,330,169,31.1,22.3,10.1,409,188,28.0,27.7,10.9,19891,1195,3.7,100,,3139,515,10.0,15.8,2.4,3224,522,9.8,16.2,2.4,3930,574,8.9,19.8,2.6,9598,874,5.5,48.3,3.3,6553,733,6.8,100,,1293,333,15.7,19.7,4.6,1683,380,13.7,25.7,5.0,1998,413,12.6,30.5,5.3,1579,368,14.2,24.1,4.9,108653,678,0.4,100,,24258,1586,4.0,22.3,1.5,65573,1558,1.4,100,,5186,807,9.5,7.9,1.2,2049,418,12.4,100,,14,43.0,186.4,0.7,2.1,28463,1363,2.9,100,,15046,1311,5.3,52.9,3.8,9426,867,5.6,100,,3162,636,12.2,33.5,6.0,40507,1739,2.6,35.5,1.3,11781,1106,5.7,17.3,1.5,200,152,46.2,9.0,6.2,22404,1443,3.9,73.4,7.4,4491,706,9.6,44.8,2.1
45,04105,192302,3106,1.0,100,,43106,1705,2.4,22.4,0.8,125720,1945,0.9,65.4,1.5,23476,1338,3.5,12.2,0.7,39.0,0.2,0.3,,,35343,2679,4.6,100,,4172,596,8.7,11.8,1.4,19631,1238,3.8,55.5,5.5,11540,971,5.1,32.7,1.2,49.9,1.8,2.2,,,106930,3437,2.0,100,,25667,1390,3.3,24.0,1.0,71842,1977,1.7,67.2,2.8,9421,882,5.7,8.8,0.8,34.7,1.0,1.8,,,19925,2108,6.4,100,,5323,671,7.7,26.7,1.8,13824,1056,4.6,69.4,9.1,778,259,20.3,3.9,1.2,32.9,1.7,3.1,,,19657,2096,6.5,100,,5097,657,7.8,25.9,1.9,13477,1044,4.7,68.6,9.0,1083,306,17.2,5.5,1.4,30.8,1.9,3.8,,,127372,1933,0.9,100,,24427,1361,3.4,19.2,1.0,36174,1597,2.7,28.4,1.2,35999,1594,2.7,28.3,1.2,30772,1499,3.0,24.2,1.1,28784,1458,3.1,100,,4551,621,8.3,15.8,2.0,10386,924,5.4,36.1,2.6,6623,745,6.8,23.0,2.3,7224,777,6.5,25.1,2.4,67842,1953,1.8,100,,12385,1003,4.9,18.3,1.4,18459,1204,4.0,27.2,1.6,22190,1306,3.6,32.7,1.7,14808,1090,4.5,21.8,1.5,12390,1004,4.9,100,,2695,481,10.8,21.8,3.5,1825,396,13.2,14.7,3.0,2612,473,11.0,21.1,3.4,5258,667,7.7,42.4,4.1,12006,989,5.0,100,,3243,526,9.9,27.0,3.8,3192,522,9.9,26.6,3.8,3122,517,10.1,26.0,3.7,2449,458,11.4,20.4,3.4,180350,987,0.3,100,,21592,1588,4.5,12.0,0.9,34204,1563,2.8,100,,1961,505,15.7,5.7,1.5,100258,2042,1.2,100,,8013,1005.0,7.6,8.0,1.0,18278,1199,4.0,100,,5416,832,9.3,29.6,4.1,18128,1194,4.0,100,,5143,812,9.6,28.4,4.1,72883,2288,1.9,37.9,1.0,3856,661,10.4,10.9,1.7,41057,1933,2.9,38.4,1.3,14896,1261,5.1,74.8,10.1,7231,897,7.5,36.8,2.3
46,04106,150563,2756,1.1,100,,30424,1452,2.9,20.2,0.9,99396,1713,1.0,66.0,1.7,20743,1247,3.7,13.8,0.8,46.8,0.2,0.3,,,59478,2992,3.1,100,,9804,892,5.5,16.5,1.3,35178,1531,2.6,59.1,3.9,14496,1067,4.5,24.4,1.3,44.7,1.3,1.8,,,20581,2103,6.2,100,,4274,601,8.5,20.8,2.0,14235,1058,4.5,69.2,8.7,2072,421,12.4,10.1,1.8,36.0,1.3,2.2,,,35160,2590,4.5,100,,7158,770,6.5,20.4,1.6,25666,1360,3.2,73.0,6.6,2336,447,11.6,6.6,1.2,34.0,1.4,2.5,,,25753,2305,5.4,100,,6492,735,6.9,25.2,1.7,17766,1167,4.0,69.0,7.7,1495,359,14.6,5.8,1.3,32.8,1.5,2.8,,,103396,1678,1.0,100,,17201,1151,4.1,16.6,1.1,24688,1339,3.3,23.9,1.2,24411,1333,3.3,23.6,1.2,37096,1559,2.6,35.9,1.4,43301,1637,2.3,100,,5453,676,7.5,12.6,1.5,11475,960,5.1,26.5,2.0,9816,893,5.5,22.7,1.9,16557,1132,4.2,38.2,2.2,14016,1051,4.6,100,,2073,421,12.4,14.8,2.8,2952,501,10.3,21.1,3.2,4863,639,8.0,34.7,3.7,4128,591,8.7,29.5,3.6,24051,1325,3.3,100,,4045,585,8.8,16.8,2.2,4297,602,8.5,17.9,2.3,4240,598,8.6,17.6,2.3,11469,959,5.1,47.7,3.0,16243,1122,4.2,100,,4339,605,8.5,26.7,3.2,4449,612,8.4,27.4,3.3,4108,589,8.7,25.3,3.2,3347,533,9.7,20.6,3.0,141526,859,0.4,100,,34617,1873,3.3,24.5,1.3,56487,1751,1.9,100,,8536,1029,7.3,15.1,1.8,19506,1215,3.8,100,,1391,426.0,18.6,7.1,2.1,33043,1497,2.8,100,,13430,1269,5.7,40.6,3.4,23915,1322,3.4,100,,9678,1092,6.9,40.5,4.0,67598,2076,1.9,44.9,1.1,16338,1298,4.8,27.5,1.7,6337,838,8.0,30.8,2.6,26907,1599,3.6,76.5,7.2,12056,1133,5.7,46.8,1.3
47,04107,142681,2684,1.1,100,,29960,1434,2.9,21.0,0.9,99957,1613,1.0,70.1,1.7,12764,1005,4.8,8.9,0.7,32.8,0.2,0.4,,,15151,1836,7.4,100,,2029,417,12.5,13.4,2.2,8584,837,5.9,56.7,8.8,4538,618,8.3,30.0,1.9,45.6,2.9,3.9,,,11946,1650,8.4,100,,2709,481,10.8,22.7,2.5,8086,814,6.1,67.7,11.6,1151,315,16.6,9.6,2.3,34.2,2.1,3.7,,,40907,2695,4.0,100,,7558,789,6.3,18.5,1.5,30177,1438,2.9,73.8,6.0,3172,519,9.9,7.8,1.2,35.2,1.1,1.9,,,70029,2979,2.6,100,,16677,1131,4.1,23.8,1.3,49700,1678,2.1,71.0,3.9,3652,556,9.3,5.2,0.8,29.7,0.9,1.8,,,92801,1679,1.1,100,,31108,1454,2.8,33.5,1.4,24896,1336,3.3,26.8,1.4,18921,1194,3.8,20.4,1.2,17876,1166,4.0,19.3,1.2,11946,975,5.0,100,,2735,483,10.7,22.9,3.6,4168,593,8.6,34.9,4.1,2450,457,11.3,20.5,3.4,2593,470,11.0,21.7,3.5,7886,805,6.2,100,,1313,336,15.6,16.6,3.9,1917,405,12.9,24.3,4.5,2978,503,10.3,37.8,5.1,1678,380,13.8,21.3,4.3,28278,1404,3.0,100,,8601,838,5.9,30.4,2.6,6147,715,7.1,21.7,2.3,4746,631,8.1,16.8,2.1,8784,846,5.9,31.1,2.6,41913,1604,2.3,100,,18055,1171,3.9,43.1,2.3,11928,975,5.0,28.5,2.1,7875,804,6.2,18.8,1.8,4055,585,8.8,9.7,1.3,133142,879,0.4,100,,66483,2162,2.0,49.9,1.6,14626,1068,4.4,100,,3166,638,12.3,21.6,4.1,11050,941,5.2,100,,1082,376.0,21.1,9.8,3.3,38341,1561,2.5,100,,22247,1572,4.3,58.0,3.4,64736,1753,1.6,100,,38514,1924,3.0,59.5,2.5,93826,1928,1.2,65.8,0.5,5453,779,8.7,36.0,2.7,3729,648,10.6,31.2,3.3,33324,1719,3.1,81.5,6.8,48362,1923,2.4,69.1,4.0
48,04108,112457,2388,1.3,100,,16049,1093,4.1,14.3,0.9,75331,1470,1.2,67.0,1.9,21077,1220,3.5,18.7,1.0,65.6,0.4,0.4,,,70290,2561,2.2,100,,8881,843,5.8,12.6,1.1,43940,1525,2.1,62.5,3.1,17469,1132,3.9,24.9,1.3,45.4,1.2,1.6,,,2459,774,19.1,100,,235,143,36.9,9.6,5.0,2077,421,12.3,84.5,31.6,147,113,46.7,6.0,4.2,37.7,2.3,3.7,,,23644,2156,5.5,100,,4025,581,8.8,17.0,1.9,17965,1145,3.9,76.0,8.5,1654,376,13.8,7.0,1.5,35.9,1.4,2.4,,,12579,1667,8.1,100,,2428,454,11.4,19.3,2.5,8922,845,5.8,70.9,11.6,1229,325,16.1,9.8,2.2,34.9,1.8,3.1,,,86691,1314,0.9,100,,11608,951,5.0,13.4,1.1,17129,1123,4.0,19.8,1.3,18472,1158,3.8,21.3,1.3,39482,1492,2.3,45.5,1.6,55601,1563,1.7,100,,6873,749,6.6,12.4,1.3,11671,953,5.0,21.0,1.6,11643,952,5.0,20.9,1.6,25414,1307,3.1,45.7,2.0,1979,411,12.6,100,,181,125,42.1,9.1,6.0,459,199,26.4,23.2,8.8,469,201,26.1,23.7,8.9,870,274,19.1,44.0,10.4,17271,1127,4.0,100,,2386,450,11.5,13.8,2.4,2259,439,11.8,13.1,2.4,2910,496,10.4,16.8,2.7,9716,878,5.5,56.3,3.5,9187,856,5.7,100,,1685,380,13.7,18.3,3.8,2194,432,12.0,23.9,4.1,2948,499,10.3,32.1,4.5,2360,448,11.5,25.7,4.2,106661,691,0.4,100,,32646,1746,3.3,30.6,1.6,67302,1532,1.4,100,,16976,1377,4.9,25.2,2.0,2394,451,11.5,100,,206,165.0,48.5,8.6,6.7,22110,1242,3.4,100,,10549,1122,6.5,47.7,4.3,11598,951,5.0,100,,4154,726,10.6,35.8,5.5,59277,1801,1.8,52.7,1.1,31394,1618,3.1,44.7,1.6,735,291,24.0,29.9,7.2,18786,1345,4.4,79.5,9.2,6167,821,8.1,49.0,0.6
49,04109,135259,2615,1.2,100,,23422,1297,3.4,17.3,0.9,97442,1539,1.0,72.0,1.8,14395,1057,4.5,10.6,0.8,39.0,0.2,0.3,,,39047,2629,4.1,100,,4322,603,8.5,11.1,1.4,26178,1354,3.1,67.0,5.7,8547,834,5.9,21.9,1.5,42.2,1.8,2.6,,,3051,861,17.2,100,,534,215,24.5,17.5,5.0,2302,443,11.7,75.5,25.8,215,137,38.6,7.0,4.0,37.1,3.2,5.2,,,40985,2666,4.0,100,,7971,807,6.2,19.4,1.5,30231,1428,2.9,73.8,5.9,2783,487,10.6,6.8,1.1,34.0,1.1,2.0,,,46045,2749,3.6,100,,9306,868,5.7,20.2,1.4,34128,1489,2.7,74.1,5.5,2611,472,11.0,5.7,1.0,31.8,1.0,1.9,,,96264,1553,1.0,100,,25102,1333,3.2,26.1,1.3,26498,1361,3.1,27.5,1.3,20467,1229,3.6,21.3,1.2,24197,1314,3.3,25.1,1.3,31663,1452,2.8,100,,5903,700,7.2,18.6,2.0,9299,867,5.7,29.4,2.4,7089,764,6.6,22.4,2.2,9372,871,5.6,29.6,2.4,2217,435,11.9,100,,695,245,21.4,31.3,9.2,436,194,27.1,19.7,7.9,615,231,22.8,27.7,8.9,471,202,26.1,21.2,8.1,28112,1391,3.0,100,,6994,759,6.6,24.9,2.4,6299,722,7.0,22.4,2.3,5472,675,7.5,19.5,2.2,9347,870,5.7,33.2,2.6,30136,1427,2.9,100,,10875,932,5.2,36.1,2.6,8938,852,5.8,29.7,2.5,6358,726,6.9,21.1,2.2,3965,578,8.9,13.2,1.8,127462,799,0.4,100,,54310,2068,2.3,42.6,1.6,37584,1536,2.5,100,,5526,835,9.2,14.7,2.1,2945,500,10.3,100,,231,174.0,45.8,7.8,5.8,38466,1547,2.4,100,,22033,1558,4.3,57.3,3.3,43022,1597,2.3,100,,24578,1627,4.0,57.1,3.1,82295,1931,1.4,60.8,0.8,12256,1135,5.6,31.4,2.0,783,300,23.3,25.7,6.7,33780,1712,3.1,82.4,6.8,31371,1670,3.2,68.1,5.4
50,04110,167870,2907,1.1,100,,33754,1531,2.8,20.1,0.8,110941,1808,1.0,66.1,1.6,23175,1317,3.5,13.8,0.7,60.6,0.2,0.2,,,104735,3131,1.8,100,,16127,1125,4.2,15.4,1.0,67933,1875,1.7,64.9,2.6,20675,1255,3.7,19.7,1.0,41.4,0.8,1.2,,,1843,673,22.2,100,,569,222,23.7,30.9,4.2,1153,315,16.6,62.6,28.6,121,102,51.5,6.6,5.0,27.4,6.0,13.3,,,10261,1548,9.2,100,,2175,432,12.1,21.2,2.7,7541,791,6.4,73.5,13.5,545,217,24.2,5.3,2.0,34.2,2.3,4.1,,,46291,2888,3.8,100,,13685,1045,4.6,29.6,1.3,31010,1482,2.9,67.0,5.3,1596,371,14.1,3.4,0.8,27.8,1.1,2.4,,,114791,1776,0.9,100,,33505,1527,2.8,29.2,1.3,39035,1613,2.5,34.0,1.3,24001,1337,3.4,20.9,1.1,18250,1189,4.0,15.9,1.0,78079,1905,1.5,100,,20486,1250,3.7,26.2,1.5,28794,1440,3.0,36.9,1.6,15657,1111,4.3,20.1,1.3,13142,1026,4.7,16.8,1.2,1006,295,17.8,100,,388,183,28.7,38.6,14.3,247,146,36.0,24.6,12.6,210,135,39.1,20.9,11.9,161,118,44.6,16.0,10.8,6892,758,6.7,100,,1919,406,12.9,27.8,5.0,1632,375,14.0,23.7,4.8,1217,324,16.2,17.7,4.3,2124,427,12.2,30.8,5.2,25820,1378,3.2,100,,9816,896,5.5,38.0,2.8,7455,787,6.4,28.9,2.6,6279,725,7.0,24.3,2.5,2270,441,11.8,8.8,1.6,156870,945,0.4,100,,40856,2017,3.0,26.0,1.3,99471,1877,1.1,100,,17064,1420,5.1,17.2,1.4,1556,366,14.3,100,,22,54.0,148.7,1.4,3.4,9551,885,5.6,100,,4808,784,9.9,50.3,6.8,41884,1653,2.4,100,,17235,1427,5.0,41.1,3.0,59925,2111,2.1,35.7,1.1,30137,1691,3.4,28.8,1.4,550,252,27.8,29.8,8.2,7881,932,7.2,76.8,14.7,18429,1378,4.5,39.8,1.6
51,04111,140173,2661,1.2,100,,32611,1475,2.7,23.3,1.0,94262,1638,1.1,67.2,1.7,13300,1023,4.7,9.5,0.7,38.7,0.2,0.3,,,40366,2674,4.0,100,,5875,699,7.2,14.6,1.4,25564,1348,3.2,63.3,5.4,8927,852,5.8,22.1,1.5,42.9,1.5,2.1,,,11305,1608,8.6,100,,2655,476,10.9,23.5,2.6,7970,808,6.2,70.5,12.3,680,242,21.7,6.0,2.0,31.8,1.8,3.4,,,23297,2199,5.7,100,,5769,693,7.3,24.8,1.8,16303,1119,4.2,70.0,8.2,1225,325,16.1,5.3,1.3,31.9,1.7,3.2,,,47437,2795,3.6,100,,13851,1041,4.6,29.2,1.4,31904,1463,2.8,67.3,5.0,1682,380,13.7,3.5,0.8,29.1,1.1,2.3,,,90472,1670,1.1,100,,25489,1346,3.2,28.2,1.4,27525,1386,3.1,30.4,1.4,19545,1209,3.8,21.6,1.3,17913,1165,4.0,19.8,1.2,30849,1446,2.8,100,,6389,728,6.9,20.7,2.2,9749,888,5.5,31.6,2.5,6306,723,7.0,20.4,2.1,8405,829,6.0,27.2,2.4,7111,766,6.5,100,,1871,401,13.0,26.3,4.9,2009,415,12.6,28.3,5.0,1992,413,12.6,28.0,5.0,1239,327,16.0,17.4,4.2,14406,1060,4.5,100,,4210,596,8.6,29.2,3.5,3761,564,9.1,26.1,3.4,2599,471,11.0,18.0,3.0,3836,569,9.0,26.6,3.4,27374,1383,3.1,100,,9100,860,5.7,33.2,2.7,8244,821,6.1,30.1,2.6,6780,749,6.7,24.8,2.4,3250,525,9.8,11.9,1.8,129432,928,0.4,100,,32156,1806,3.4,24.8,1.4,38608,1559,2.5,100,,5865,860,8.9,15.2,2.1,10303,911,5.4,100,,487,253.0,31.5,4.7,2.4,21337,1254,3.6,100,,7419,962,7.9,34.8,4.0,42976,1609,2.3,100,,16421,1381,5.1,38.2,2.9,68133,2013,1.8,48.6,1.1,11376,1100,5.9,28.2,2.0,4492,709,9.6,39.7,2.7,18100,1350,4.5,77.7,9.3,21381,1448,4.1,45.1,1.5
52,04112,218003,3302,0.9,100,,53177,1869,2.1,24.4,0.8,140582,2083,0.9,64.5,1.4,24244,1368,3.4,11.1,0.6,31.7,0.2,0.4,,,4585,1057,14.0,100,,436,194,27.1,9.5,3.6,2449,459,11.4,53.4,15.9,1700,383,13.7,37.1,11.9,52.7,4.1,4.7,,,161228,3232,1.2,100,,40871,1699,2.5,25.3,0.9,101522,2171,1.3,63.0,0.5,18835,1223,3.9,11.7,0.7,34.1,0.9,1.6,,,9649,1515,9.5,100,,1995,414,12.6,20.7,2.8,6954,765,6.7,72.1,13.8,700,246,21.4,7.3,2.3,36.0,2.7,4.6,,,28828,2495,5.3,100,,6547,743,6.9,22.7,1.7,20279,1264,3.8,70.3,7.5,2002,415,12.6,6.9,1.3,30.4,1.4,2.8,,,136109,2108,0.9,100,,37747,1647,2.7,27.7,1.1,40752,1697,2.5,29.9,1.2,36685,1628,2.7,27.0,1.1,20925,1282,3.7,15.4,0.9,3722,564,9.2,100,,1213,324,16.2,32.6,7.2,1392,347,15.1,37.4,7.4,551,219,24.1,14.8,5.4,566,221,23.8,15.2,5.5,99576,2168,1.3,100,,24459,1374,3.4,24.6,1.3,30499,1510,3.0,30.6,1.4,29117,1481,3.1,29.2,1.3,15501,1119,4.4,15.6,1.1,6517,741,6.9,100,,1823,396,13.2,28.0,5.2,1231,326,16.1,18.9,4.5,1088,307,17.1,16.7,4.3,2375,452,11.6,36.4,5.6,17330,1177,4.1,100,,7963,816,6.2,45.9,3.5,4446,615,8.4,25.7,3.1,3707,563,9.2,21.4,2.9,1214,324,16.2,7.0,1.8,203275,1092,0.3,100,,21205,1587,4.6,10.4,0.8,4395,612,8.5,100,,794,323,24.7,18.1,6.9,150341,2014,0.8,100,,4374,751.0,10.4,2.9,0.5,9130,872,5.8,100,,2316,549,14.4,25.4,5.5,26719,1427,3.2,100,,12430,1242,6.1,46.5,3.9,73470,2374,2.0,33.7,1.0,1172,367,19.0,25.6,5.4,40046,1945,3.0,24.8,1.1,7794,932,7.3,80.8,15.9,16079,1313,5.0,55.8,6.6
53,04113,129660,2561,1.2,100,,28519,1390,3.0,22.0,1.0,85580,1590,1.1,66.0,1.8,15561,1091,4.3,12.0,0.8,43.3,0.3,0.4,,,44324,2694,3.7,100,,6696,743,6.7,15.1,1.4,27027,1363,3.1,61.0,4.8,10601,920,5.3,23.9,1.5,45.5,1.5,2.0,,,21039,2094,6.1,100,,5140,655,7.7,24.4,1.9,14053,1043,4.5,66.8,8.3,1846,398,13.1,8.8,1.7,32.2,2.1,4.0,,,18340,1979,6.6,100,,4238,597,8.6,23.1,2.1,13038,1009,4.7,71.1,9.4,1064,303,17.3,5.8,1.5,32.3,2.0,3.8,,,24347,2218,5.5,100,,6779,747,6.7,27.8,1.7,16274,1112,4.2,66.8,7.6,1294,334,15.7,5.3,1.3,29.0,1.7,3.6,,,84331,1601,1.2,100,,24595,1316,3.3,29.2,1.5,29965,1415,2.9,35.5,1.5,18440,1172,3.9,21.9,1.3,11331,948,5.1,13.4,1.1,33609,1471,2.7,100,,7883,802,6.2,23.5,2.2,13140,1013,4.7,39.1,2.5,7689,793,6.3,22.9,2.1,4897,640,7.9,14.6,1.8,12541,992,4.8,100,,3377,535,9.6,26.9,3.7,3998,580,8.8,31.9,3.9,3518,545,9.4,28.1,3.7,1648,376,13.9,13.1,2.8,11497,954,5.0,100,,4120,589,8.7,35.8,4.2,3571,549,9.4,31.1,4.0,1801,393,13.3,15.7,3.2,2005,414,12.6,17.4,3.3,13846,1037,4.6,100,,4681,626,8.1,33.8,3.7,4404,608,8.4,31.8,3.7,3571,549,9.4,25.8,3.5,1190,320,16.4,8.6,2.2,120424,863,0.4,100,,15666,1346,5.2,13.0,1.1,42541,1576,2.3,100,,2851,606,12.9,6.7,1.4,19237,1193,3.8,100,,511,259.0,30.8,2.7,1.3,16482,1118,4.1,100,,3025,624,12.5,18.4,3.6,22521,1272,3.4,100,,7792,982,7.7,34.6,3.9,50561,1889,2.3,39.0,1.2,4708,724,9.4,10.6,1.5,7969,930,7.1,37.9,2.3,14062,1204,5.2,76.7,10.6,8982,983,6.7,36.9,2.2
54,04114,103729,2294,1.3,100,,25898,1299,3.1,25.0,1.1,62688,1468,1.4,60.4,0.5,15143,1060,4.3,14.6,1.0,46.9,0.3,0.4,,,39537,2468,3.8,100,,7229,764,6.4,18.3,1.6,21923,1226,3.4,55.4,4.6,10385,901,5.3,26.3,1.6,44.8,1.6,2.2,,,41905,2493,3.6,100,,12739,985,4.7,30.4,1.5,25791,1298,3.1,61.5,4.8,3375,533,9.6,8.1,1.2,29.1,1.5,3.1,,,1660,638,23.3,100,,259,150,35.2,15.6,6.7,1287,332,15.7,77.5,35.9,114,99,53.0,6.9,5.4,40.8,4.3,6.4,,,17107,1885,6.7,100,,4982,642,7.8,29.1,1.9,11123,929,5.1,65.0,9.0,1002,294,17.8,5.9,1.6,28.1,3.2,6.9,,,64999,1452,1.4,100,,18350,1146,3.8,28.2,1.6,18962,1160,3.7,29.2,1.7,14357,1037,4.4,22.1,1.5,13330,1005,4.6,20.5,1.5,28906,1346,2.8,100,,5187,654,7.7,17.9,2.1,8619,829,5.8,29.8,2.5,6141,709,7.0,21.2,2.2,8959,843,5.7,31.0,2.5,23594,1258,3.2,100,,7773,790,6.2,32.9,2.9,7110,759,6.5,30.1,2.8,5980,700,7.1,25.3,2.6,2731,481,10.7,11.6,1.9,1209,322,16.2,100,,268,152,34.6,22.2,11.1,301,161,32.6,24.9,11.6,173,123,43.0,14.3,9.4,467,201,26.2,38.6,13.1,9143,851,5.7,100,,4454,609,8.3,48.7,4.9,2471,458,11.3,27.0,4.3,1390,345,15.1,15.2,3.5,828,267,19.6,9.1,2.8,95794,798,0.5,100,,11692,1169,6.1,12.2,1.2,37311,1441,2.3,100,,3249,644,12.0,8.7,1.7,38268,1449,2.3,100,,1799,482.0,16.3,4.7,1.2,1560,365,14.2,100,,425,236,33.8,27.2,13.7,15442,1069,4.2,100,,5939,858,8.8,38.5,4.9,24799,1477,3.6,23.9,1.3,5430,772,8.6,13.7,1.8,9471,998,6.4,22.6,2.0,1286,383,18.1,77.5,37.7,6886,862,7.6,40.3,2.4
