puma,units_occupied_0812_count,units_occupied_0812_count_moe,units_occupied_0812_count_cv,units_occupied_0812_pct,units_occupied_owner_0812_count,units_occupied_owner_0812_count_moe,units_occupied_owner_0812_count_cv,units_occupied_owner_0812_pct,units_occupied_owner_0812_pct_moe,units_occupied_renter_0812_count,units_occupied_renter_0812_count_moe,units_occupied_renter_0812_count_cv,units_occupied_renter_0812_pct,units_occupied_renter_0812_pct_moe,units_occupied_wnh_0812_count,units_occupied_wnh_0812_count_moe,units_occupied_wnh_0812_count_cv,units_occupied_wnh_0812_pct,units_occupied_owner_wnh_0812_count,units_occupied_owner_wnh_0812_count_moe,units_occupied_owner_wnh_0812_count_cv,units_occupied_owner_wnh_0812_pct,units_occupied_owner_wnh_0812_pct_moe,units_occupied_renter_wnh_0812_count,units_occupied_renter_wnh_0812_count_moe,units_occupied_renter_wnh_0812_count_cv,units_occupied_renter_wnh_0812_pct,units_occupied_renter_wnh_0812_pct_moe,units_occupied_bnh_0812_count,units_occupied_bnh_0812_count_moe,units_occupied_bnh_0812_count_cv,units_occupied_bnh_0812_pct,units_occupied_owner_bnh_0812_count,units_occupied_owner_bnh_0812_count_moe,units_occupied_owner_bnh_0812_count_cv,units_occupied_owner_bnh_0812_pct,units_occupied_owner_bnh_0812_pct_moe,units_occupied_renter_bnh_0812_count,units_occupied_renter_bnh_0812_count_moe,units_occupied_renter_bnh_0812_count_cv,units_occupied_renter_bnh_0812_pct,units_occupied_renter_bnh_0812_pct_moe,units_occupied_hsp_0812_count,units_occupied_hsp_0812_count_moe,units_occupied_hsp_0812_count_cv,units_occupied_hsp_0812_pct,units_occupied_owner_hsp_0812_count,units_occupied_owner_hsp_0812_count_moe,units_occupied_owner_hsp_0812_count_cv,units_occupied_owner_hsp_0812_pct,units_occupied_owner_hsp_0812_pct_moe,units_occupied_renter_hsp_0812_count,units_occupied_renter_hsp_0812_count_moe,units_occupied_renter_hsp_0812_count_cv,units_occupied_renter_hsp_0812_pct,units_occupied_renter_hsp_0812_pct_moe,units_occupied_anh_0812_count,units_occupied_anh_0812_count_moe,units_occupied_anh_0812_count_cv,units_occupied_anh_0812_pct,units_occupied_owner_anh_0812_count,units_occupied_owner_anh_0812_count_moe,units_occupied_owner_anh_0812_count_cv,units_occupied_owner_anh_0812_pct,units_occupied_owner_anh_0812_pct_moe,units_occupied_renter_anh_0812_count,units_occupied_renter_anh_0812_count_moe,units_occupied_renter_anh_0812_count_cv,units_occupied_renter_anh_0812_pct,units_occupied_renter_anh_0812_pct_moe,units_occupied_1519_count,units_occupied_1519_count_moe,units_occupied_1519_count_cv,units_occupied_1519_pct,units_occupied_owner_1519_count,units_occupied_owner_1519_count_moe,units_occupied_owner_1519_count_cv,units_occupied_owner_1519_pct,units_occupied_owner_1519_pct_moe,units_occupied_renter_1519_count,units_occupied_renter_1519_count_moe,units_occupied_renter_1519_count_cv,units_occupied_renter_1519_pct,units_occupied_renter_1519_pct_moe,units_occupied_wnh_1519_count,units_occupied_wnh_1519_count_moe,units_occupied_wnh_1519_count_cv,units_occupied_wnh_1519_pct,units_occupied_owner_wnh_1519_count,units_occupied_owner_wnh_1519_count_moe,units_occupied_owner_wnh_1519_count_cv,units_occupied_owner_wnh_1519_pct,units_occupied_owner_wnh_1519_pct_moe,units_occupied_renter_wnh_1519_count,units_occupied_renter_wnh_1519_count_moe,units_occupied_renter_wnh_1519_count_cv,units_occupied_renter_wnh_1519_pct,units_occupied_renter_wnh_1519_pct_moe,units_occupied_bnh_1519_count,units_occupied_bnh_1519_count_moe,units_occupied_bnh_1519_count_cv,units_occupied_bnh_1519_pct,units_occupied_owner_bnh_1519_count,units_occupied_owner_bnh_1519_count_moe,units_occupied_owner_bnh_1519_count_cv,units_occupied_owner_bnh_1519_pct,units_occupied_owner_bnh_1519_pct_moe,units_occupied_renter_bnh_1519_count,units_occupied_renter_bnh_1519_count_moe,units_occupied_renter_bnh_1519_count_cv,units_occupied_renter_bnh_1519_pct,units_occupied_renter_bnh_1519_pct_moe,units_occupied_hsp_1519_count,units_occupied_hsp_1519_count_moe,units_occupied_hsp_1519_count_cv,units_occupied_hsp_1519_pct,units_occupied_owner_hsp_1519_count,units_occupied_owner_hsp_1519_count_moe,units_occupied_owner_hsp_1519_count_cv,units_occupied_owner_hsp_1519_pct,units_occupied_owner_hsp_1519_pct_moe,units_occupied_renter_hsp_1519_count,units_occupied_renter_hsp_1519_count_moe,units_occupied_renter_hsp_1519_count_cv,units_occupied_renter_hsp_1519_pct,units_occupied_renter_hsp_1519_pct_moe,units_occupied_anh_1519_count,units_occupied_anh_1519_count_moe,units_occupied_anh_1519_count_cv,units_occupied_anh_1519_pct,units_occupied_owner_anh_1519_count,units_occupied_owner_anh_1519_count_moe,units_occupied_owner_anh_1519_count_cv,units_occupied_owner_anh_1519_pct,units_occupied_owner_anh_1519_pct_moe,units_occupied_renter_anh_1519_count,units_occupied_renter_anh_1519_count_moe,units_occupied_renter_anh_1519_count_cv,units_occupied_renter_anh_1519_pct,units_occupied_renter_anh_1519_pct_moe
03701,40996,644,1.0,100,12393,769,3.8,30.2,1.8,28603,822,1.7,69.8,1.7,17849,674,2.3,100,8262,655,4.8,46.3,3.2,9587,609,3.9,53.7,2.7,5363,503,5.7,100,966,313,19.7,18.0,5.6,4397,481,6.7,82.0,4.6,15047,678,2.7,100,2124,403,11.5,14.1,2.6,12923,662,3.1,85.9,2.1,2071,358,10.5,100,806,213,16.0,38.9,7.8,1265,276,13.3,61.1,8.1,42884,645,0.9,100,13347,817,3.7,31.1,1.8,29537,867,1.8,68.9,1.7,16042,695,2.6,100,8121,524,3.9,50.6,2.4,7921,633,4.9,49.4,3.3,5623,627,6.8,100,1386,429,18.8,24.6,7.1,4237,585,8.4,75.4,6.1,18744,865,2.8,100,3147,596,11.5,16.8,3.1,15597,864,3.4,83.2,2.5,1562,262,10.2,100,579,161,16.9,37.1,8.2,983,228,14.1,62.9,10.1
03702,47061,607,0.8,100,17692,843,2.9,37.6,1.7,29369,926,1.9,62.4,1.8,4432,428,5.9,100,1832,304,10.1,41.3,5.6,2600,348,8.1,58.7,5.4,31636,872,1.7,100,13053,744,3.5,41.3,2.1,18583,1016,3.3,58.7,2.8,9172,730,4.8,100,1999,407,12.4,21.8,4.1,7173,664,5.6,78.2,3.7,809,335,25.2,100,381,147,23.5,47.1,26.7,428,244,34.7,52.9,20.7,50543,607,0.7,100,19234,945,3.0,38.1,1.8,31309,1043,2.0,61.9,1.9,4235,422,6.1,100,2004,304,9.2,47.3,5.4,2231,311,8.5,52.7,5.1,31969,1037,2.0,100,13694,753,3.3,42.8,1.9,18275,1021,3.4,57.2,2.6,11785,1009,5.2,100,2402,452,11.4,20.4,3.4,9383,968,6.3,79.6,4.6,1190,256,13.1,100,563,167,18.0,47.3,9.6,627,210,20.3,52.7,13.5
03703,46247,637,0.8,100,21960,1081,3.0,47.5,2.2,24287,1095,2.7,52.5,2.3,18435,695,2.3,100,10175,802,4.8,55.2,3.8,8260,636,4.7,44.8,3.0,13281,882,4.0,100,6311,805,7.8,47.5,5.2,6970,804,7.0,52.5,4.9,13100,944,4.4,100,4765,658,8.4,36.4,4.3,8335,881,6.4,63.6,4.9,788,251,19.3,100,469,176,22.9,59.5,12.0,319,146,27.8,40.5,13.3,47805,548,0.7,100,22513,1265,3.4,47.1,2.6,25292,1282,3.1,52.9,2.6,14359,783,3.3,100,8690,677,4.7,60.5,3.4,5669,561,6.0,39.5,3.3,14340,1242,5.3,100,6610,940,8.6,46.1,5.2,7730,970,7.6,53.9,4.9,17016,1200,4.3,100,6213,842,8.2,36.5,4.2,10803,1172,6.6,63.5,5.2,1295,347,16.3,100,637,233,22.2,49.2,12.2,658,257,23.7,50.8,14.4
03704,44206,521,0.7,100,13132,788,3.6,29.7,1.7,31074,839,1.6,70.3,1.7,13084,696,3.2,100,5993,490,5.0,45.8,2.8,7091,643,5.5,54.2,4.0,9160,621,4.1,100,2264,336,9.0,24.7,3.3,6896,536,4.7,75.3,2.9,17824,873,3.0,100,3409,505,9.0,19.1,2.7,14415,898,3.8,80.9,3.1,3297,394,7.3,100,1214,256,12.8,36.8,6.4,2083,309,9.0,63.2,5.6,44700,549,0.7,100,13295,810,3.7,29.7,1.8,31405,928,1.8,70.3,1.9,10422,597,3.5,100,4374,540,7.5,42.0,4.6,6048,538,5.4,58.0,4.0,10135,791,4.7,100,2954,464,9.6,29.1,4.0,7181,751,6.4,70.9,4.9,20041,991,3.0,100,4371,515,7.2,21.8,2.3,15670,980,3.8,78.2,3.0,3228,366,6.9,100,1314,218,10.1,40.7,4.9,1914,314,10.0,59.3,7.0
03705,52223,541,0.6,100,3921,496,7.7,7.5,0.9,48302,647,0.8,92.5,0.8,1849,300,9.9,100,207,94,27.5,11.2,4.7,1642,275,10.2,88.8,3.7,16990,865,3.1,100,1238,227,11.1,7.3,1.3,15752,866,3.3,92.7,1.9,32412,922,1.7,100,2292,369,9.8,7.1,1.1,30120,945,1.9,92.9,1.2,359,121,20.5,100,90,76,51.2,25.1,19.3,269,98,22.1,74.9,10.1,58786,548,0.6,100,3846,494,7.8,6.5,0.8,54940,722,0.8,93.5,0.9,1908,334,10.6,100,123,68,33.8,6.4,3.4,1785,332,11.3,93.6,5.9,20379,889,2.7,100,1376,285,12.6,6.8,1.4,19003,893,2.9,93.2,1.6,35226,947,1.6,100,2271,411,11.0,6.4,1.2,32955,972,1.8,93.6,1.1,564,225,24.2,100,65,79,74.0,11.5,13.2,499,200,24.4,88.5,4.2
03706,43044,492,0.7,100,3285,441,8.2,7.6,1.0,39759,621,1.0,92.4,1.0,4748,648,8.3,100,477,180,22.9,10.0,3.5,4271,591,8.4,90.0,2.0,9278,791,5.2,100,1072,279,15.8,11.6,2.8,8206,765,5.7,88.4,3.3,25838,901,2.1,100,1115,282,15.4,4.3,1.1,24723,896,2.2,95.7,0.9,2289,420,11.1,100,385,182,28.8,16.8,7.3,1904,425,13.6,83.2,10.6,45345,511,0.7,100,2815,405,8.7,6.2,0.9,42530,650,0.9,93.8,1.0,3228,588,11.1,100,233,152,39.6,7.2,4.5,2995,553,11.2,92.8,2.7,7761,865,6.8,100,880,244,16.9,11.3,2.9,6881,795,7.0,88.7,2.7,31364,1089,2.1,100,1296,265,12.4,4.1,0.8,30068,1084,2.2,95.9,0.9,1979,395,12.1,100,329,129,23.8,16.6,5.6,1650,372,13.7,83.4,8.8
03707,42539,547,0.8,100,1548,306,12.0,3.6,0.7,40991,586,0.9,96.4,0.6,506,173,20.7,100,49,44,54.0,9.7,8.0,457,171,22.8,90.3,13.9,14006,733,3.2,100,547,208,23.1,3.9,1.5,13459,719,3.2,96.1,1.0,26918,868,2.0,100,858,224,15.9,3.2,0.8,26060,791,1.8,96.8,4.3,555,189,20.7,100,29,40,84.1,5.2,7.0,526,190,22.0,94.8,11.6,46430,438,0.6,100,1773,321,11.0,3.8,0.7,44657,558,0.8,96.2,0.8,614,183,18.1,100,67,45,41.2,10.9,6.6,547,177,19.7,89.1,11.3,13829,856,3.8,100,542,240,26.9,3.9,1.7,13287,816,3.7,96.1,8.4,30780,871,1.7,100,963,248,15.6,3.1,0.8,29817,934,1.9,96.9,1.3,617,166,16.3,100,168,112,40.4,27.2,16.5,449,135,18.3,72.8,9.8
03708,46872,497,0.6,100,3250,452,8.4,6.9,1.0,43622,620,0.9,93.1,0.9,740,312,25.6,100,166,144,52.6,22.4,17.0,574,273,28.9,77.6,17.1,17311,1040,3.7,100,2063,347,10.2,11.9,1.9,15248,1037,4.1,88.1,2.8,27666,1090,2.4,100,800,274,20.8,2.9,1.0,26866,1082,2.4,97.1,0.8,479,143,18.2,100,103,81,48.1,21.5,15.7,376,127,20.5,78.5,12.2,49786,502,0.6,100,3068,487,9.7,6.2,1.0,46718,707,0.9,93.8,1.1,1260,301,14.5,100,223,102,27.7,17.7,6.9,1037,272,15.9,82.3,8.9,16000,856,3.3,100,1588,307,11.7,9.9,1.8,14412,838,3.5,90.1,2.0,30874,997,2.0,100,1090,346,19.3,3.5,1.1,29784,978,2.0,96.5,0.6,716,229,19.4,100,98,79,48.9,13.7,10.1,618,211,20.7,86.3,10.3
03709,62665,622,0.6,100,12943,979,4.6,20.7,1.5,49722,1203,1.5,79.3,1.8,1912,341,10.9,100,636,164,15.7,33.3,6.2,1276,283,13.5,66.7,8.8,20561,955,2.8,100,3667,496,8.2,17.8,2.3,16894,1005,3.6,82.2,3.1,35324,1180,2.0,100,6700,693,6.3,19.0,1.9,28624,1350,2.9,81.0,2.7,2986,453,9.2,100,1204,292,14.7,40.3,7.6,1782,373,12.7,59.7,8.6,65226,610,0.6,100,13642,841,3.7,20.9,1.3,51584,951,1.1,79.1,1.3,2078,333,9.7,100,636,172,16.4,30.6,6.6,1442,294,12.4,69.4,8.8,21084,969,2.8,100,3660,486,8.1,17.4,2.2,17424,1024,3.6,82.6,3.0,36893,1299,2.1,100,7187,662,5.6,19.5,1.7,29706,1390,2.8,80.5,2.5,3707,371,6.1,100,1774,293,10.0,47.9,6.3,1933,391,12.3,52.1,9.2
03710,47427,515,0.7,100,3069,465,9.2,6.5,1.0,44358,671,0.9,93.5,1.0,669,176,16.0,100,97,78,48.9,14.5,11.0,572,161,17.1,85.5,8.6,12072,714,3.6,100,663,203,18.6,5.5,1.7,11409,675,3.6,94.5,0.1,34058,767,1.4,100,2182,360,10.0,6.4,1.0,31876,798,1.5,93.6,1.0,347,166,29.0,100,86,86,61.0,24.8,21.9,261,159,37.0,75.2,28.5,52325,544,0.6,100,4111,515,7.6,7.9,1.0,48214,723,0.9,92.1,1.0,1151,338,17.9,100,167,111,40.5,14.5,8.7,984,274,16.9,85.5,34.6,14353,801,3.4,100,933,264,17.2,6.5,1.8,13420,803,3.6,93.5,2.0,35980,867,1.5,100,2896,431,9.1,8.0,1.2,33084,954,1.8,92.0,1.5,246,122,30.1,100,93,67,44.1,37.8,20.0,153,106,42.1,62.2,30.2
03801,72966,956,0.8,100,6628,587,5.4,9.1,0.8,66338,994,0.9,90.9,0.7,17497,848,2.9,100,3747,485,7.9,21.4,2.6,13750,855,3.8,78.6,3.1,7985,766,5.8,100,837,236,17.1,10.5,2.8,7148,727,6.2,89.5,3.0,43883,1149,1.6,100,1570,401,15.5,3.6,0.9,42313,1111,1.6,96.4,0.2,2086,404,11.8,100,351,128,22.2,16.8,5.2,1735,372,13.0,83.2,7.7,76660,1023,0.8,100,7405,656,5.4,9.7,0.8,69255,1192,1.0,90.3,1.0,20225,1002,3.0,100,4344,502,7.0,21.5,2.2,15881,912,3.5,78.5,2.3,6835,809,7.2,100,703,250,21.7,10.3,3.5,6132,822,8.2,89.7,5.7,45463,1664,2.2,100,1720,442,15.6,3.8,1.0,43743,1602,2.2,96.2,0.1,2615,460,10.7,100,397,180,27.6,15.2,6.3,2218,433,11.9,84.8,7.2
03802,46949,708,0.9,100,6294,679,6.6,13.4,1.4,40655,956,1.4,86.6,1.6,13777,834,3.7,100,3292,444,8.2,23.9,2.9,10485,765,4.4,76.1,3.1,12564,674,3.3,100,1560,389,15.1,12.4,3.0,11004,703,3.9,87.6,3.0,15832,884,3.4,100,688,236,20.9,4.3,1.5,15144,857,3.4,95.7,0.9,3309,600,11.0,100,519,176,20.6,15.7,4.5,2790,586,12.8,84.3,8.9,47502,738,0.9,100,7680,718,5.7,16.2,1.5,39822,962,1.5,83.8,1.6,14855,755,3.1,100,3815,472,7.5,25.7,2.9,11040,756,4.2,74.3,3.4,10509,928,5.4,100,1752,447,15.5,16.7,4.0,8757,848,5.9,83.3,3.3,17071,1157,4.1,100,1292,380,17.9,7.6,2.2,15779,1196,4.6,92.4,3.1,3489,661,11.5,100,554,318,34.9,15.9,8.6,2935,513,10.6,84.1,21.7
03803,51710,942,1.1,100,6977,576,5.0,13.5,1.1,44733,1099,1.5,86.5,1.4,6754,564,5.1,100,1867,310,10.1,27.6,4.0,4887,556,6.9,72.4,5.6,33123,1101,2.0,100,3727,461,7.5,11.3,1.3,29396,1153,2.4,88.7,1.8,8798,773,5.3,100,660,232,21.4,7.5,2.6,8138,755,5.6,92.5,2.8,1364,273,12.2,100,405,143,21.5,29.7,8.7,959,229,14.5,70.3,9.2,56578,921,1.0,100,7017,689,6.0,12.4,1.2,49561,1082,1.3,87.6,1.3,9495,655,4.2,100,2497,407,9.9,26.3,3.9,6998,551,4.8,73.7,2.8,31531,1099,2.1,100,3005,545,11.0,9.5,1.7,28526,1245,2.7,90.5,2.4,11680,874,4.5,100,730,268,22.3,6.3,2.2,10950,839,4.7,93.8,1.6,2282,352,9.4,100,636,191,18.3,27.9,7.2,1646,333,12.3,72.1,9.5
03804,45057,522,0.7,100,3078,475,9.4,6.8,1.1,41979,645,0.9,93.2,0.9,7247,725,6.1,100,1086,293,16.4,15.0,3.7,6161,674,6.6,85.0,3.7,13510,711,3.2,100,1239,305,15.0,9.2,2.2,12271,728,3.6,90.8,2.5,20422,877,2.6,100,387,147,23.1,1.9,0.7,20035,901,2.7,98.1,1.3,3138,544,10.5,100,309,218,43.0,9.8,6.7,2829,516,11.1,90.2,5.1,49840,663,0.8,100,3487,564,9.8,7.0,1.1,46353,794,1.0,93.0,1.0,8321,627,4.6,100,1336,296,13.5,16.1,3.3,6985,583,5.1,83.9,3.0,15762,992,3.8,100,956,344,21.8,6.1,2.1,14806,1030,4.2,93.9,2.8,21344,933,2.7,100,620,268,26.3,2.9,1.3,20724,908,2.7,97.1,0.3,3543,473,8.1,100,450,186,25.1,12.7,5.0,3093,443,8.7,87.3,4.5
03805,115880,1571,0.8,100,39050,1783,2.8,33.7,1.5,76830,2116,1.7,66.3,1.6,94243,1715,1.1,100,35096,1704,3.0,37.2,1.7,59147,1907,2.0,62.8,1.7,2593,634,14.9,100,232,182,47.6,8.9,6.7,2361,577,14.8,91.1,31.5,7622,997,8.0,100,1258,431,20.8,16.5,5.2,6364,944,9.0,83.5,5.8,9746,954,6.0,100,2146,442,12.5,22.0,4.0,7600,874,7.0,78.0,4.7,110566,1642,0.9,100,40587,2204,3.3,36.7,1.9,69979,2541,2.2,63.3,2.1,86627,1853,1.3,100,34991,2090,3.6,40.4,2.3,51636,2266,2.7,59.6,2.3,1994,483,14.7,100,302,227,45.7,15.1,10.8,1692,451,16.2,84.9,9.5,9210,1132,7.5,100,2028,526,15.8,22.0,5.0,7182,1050,8.9,78.0,6.2,10762,1160,6.5,100,2832,554,11.9,26.3,4.3,7930,1094,8.4,73.7,6.3
03806,99111,1278,0.8,100,30921,1332,2.6,31.2,1.3,68190,1679,1.5,68.8,1.4,72678,1729,1.4,100,26570,1251,2.9,36.6,1.5,46108,1878,2.5,63.4,2.1,6128,835,8.3,100,827,241,17.7,13.5,3.5,5301,808,9.3,86.5,5.9,10753,989,5.6,100,1375,363,16.0,12.8,3.2,9378,917,5.9,87.2,2.9,7989,807,6.1,100,1951,402,12.5,24.4,4.4,6038,733,7.4,75.6,5.1,98098,1541,1.0,100,35356,1726,3.0,36.0,1.7,62742,2059,2.0,64.0,1.8,69885,1784,1.6,100,28849,1531,3.2,41.3,1.9,41036,1716,2.5,58.7,1.9,4999,783,9.5,100,960,389,24.6,19.2,7.2,4039,653,9.8,80.8,3.2,12053,1325,6.7,100,1657,543,19.9,13.7,4.2,10396,1297,7.6,86.3,5.1,8830,928,6.4,100,3179,684,13.1,36.0,6.8,5651,776,8.3,64.0,5.6
03807,80275,1221,0.9,100,18352,1146,3.8,22.9,1.4,61923,1564,1.5,77.1,1.6,54270,1399,1.6,100,14648,1066,4.4,27.0,1.8,39622,1464,2.2,73.0,1.9,3927,514,8.0,100,200,140,42.6,5.1,3.5,3727,500,8.2,94.9,2.7,10155,954,5.7,100,1507,355,14.3,14.8,3.2,8648,862,6.1,85.2,2.8,10180,754,4.5,100,1831,422,14.0,18.0,3.9,8349,672,4.9,82.0,2.6,90579,1282,0.9,100,20594,1354,4.0,22.7,1.5,69985,1553,1.3,77.3,1.3,58136,1535,1.6,100,15104,1228,4.9,26.0,2.0,43032,1620,2.3,74.0,2.0,3968,874,13.4,100,310,260,51.0,7.8,6.3,3658,768,12.8,92.2,28.1,12225,1292,6.4,100,1730,510,17.9,14.2,3.9,10495,1225,7.1,85.8,4.2,14005,1027,4.5,100,3118,526,10.3,22.3,3.4,10887,914,5.1,77.7,3.2
03808,80625,1264,1.0,100,24354,1303,3.3,30.2,1.5,56271,1411,1.5,69.8,1.4,61619,1701,1.7,100,19466,1256,3.9,31.6,1.8,42153,1662,2.4,68.4,1.9,2150,491,13.9,100,351,286,49.5,16.3,12.7,1799,513,17.3,83.7,14.3,5419,817,9.2,100,1232,340,16.8,22.7,5.2,4187,759,11.0,77.3,7.8,10455,1034,6.0,100,3108,603,11.8,29.7,5.0,7347,960,7.9,70.3,6.0,79855,1325,1.0,100,27539,1585,3.5,34.5,1.9,52316,1767,2.1,65.5,1.9,57719,1963,2.1,100,20917,1326,3.9,36.2,1.9,36802,1807,3.0,63.8,2.3,2627,935,21.6,100,463,345,45.3,17.6,11.5,2164,809,22.7,82.4,9.5,5871,920,9.5,100,1311,499,23.1,22.3,7.7,4560,753,10.0,77.7,4.1,12047,1072,5.4,100,4442,782,10.7,36.9,5.6,7605,971,7.8,63.1,5.8
03809,70628,920,0.8,100,8750,669,4.7,12.4,0.9,61878,1129,1.1,87.6,1.1,29191,948,2.0,100,5730,557,5.9,19.6,1.8,23461,980,2.5,80.4,2.1,4074,594,8.9,100,346,166,29.1,8.5,3.9,3728,573,9.3,91.5,4.5,16141,834,3.1,100,777,232,18.2,4.8,1.4,15364,819,3.2,95.2,1.2,19915,959,2.9,100,1627,333,12.4,8.2,1.6,18288,949,3.2,91.8,1.8,72024,914,0.8,100,8206,871,6.5,11.4,1.2,63818,1042,1.0,88.6,0.9,29064,1099,2.3,100,5001,684,8.3,17.2,2.3,24063,1110,2.8,82.8,2.2,5630,1023,11.0,100,258,190,44.7,4.6,3.3,5372,1044,11.8,95.4,6.6,15223,1051,4.2,100,929,279,18.2,6.1,1.8,14294,1018,4.3,93.9,1.6,20482,1057,3.1,100,1696,446,16.0,8.3,2.1,18786,1005,3.3,91.7,1.3
03810,74932,1032,0.8,100,20352,933,2.8,27.2,1.2,54580,1112,1.2,72.8,1.1,57436,1207,1.3,100,16551,867,3.2,28.8,1.4,40885,1227,1.8,71.2,1.5,1648,347,12.8,100,225,137,37.1,13.7,7.8,1423,300,12.8,86.3,1.1,3634,532,8.9,100,656,282,26.1,18.1,7.3,2978,460,9.4,81.9,4.0,10464,859,5.0,100,2499,465,11.3,23.9,4.0,7965,876,6.7,76.1,5.6,77759,1351,1.1,100,23959,1606,4.1,30.8,2.0,53800,1603,1.8,69.2,1.7,58330,1435,1.5,100,18393,1343,4.4,31.5,2.2,39937,1476,2.2,68.5,1.9,1283,425,20.1,100,287,140,29.7,22.4,8.0,996,406,24.8,77.6,18.5,4982,723,8.8,100,1115,420,22.9,22.4,7.8,3867,625,9.8,77.6,5.5,11065,962,5.3,100,3559,687,11.7,32.2,5.5,7506,882,7.1,67.8,5.4
03901,56802,518,0.6,100,46171,996,1.3,81.3,1.6,10631,907,5.2,18.7,1.6,49769,835,1.0,100,41118,1101,1.6,82.6,1.7,8651,859,6.0,17.4,1.7,690,264,23.2,100,284,186,39.8,41.2,21.8,406,189,28.4,58.8,15.7,4134,578,8.5,100,2961,522,10.7,71.6,7.7,1173,397,20.6,28.4,8.7,1924,348,11.0,100,1648,345,12.7,85.7,9.1,276,151,33.2,14.3,7.4,58263,640,0.7,100,47468,1089,1.4,81.5,1.6,10795,990,5.6,18.5,1.7,49904,778,0.9,100,41790,1014,1.5,83.7,1.6,8114,873,6.5,16.3,1.7,448,208,28.3,100,322,175,33.0,71.9,20.1,126,109,52.4,28.1,20.4,4794,540,6.8,100,2609,467,10.9,54.4,7.6,2185,498,13.9,45.6,9.0,2571,340,8.0,100,2286,344,9.1,88.9,6.4,285,160,34.1,11.1,6.0
03902,46367,678,0.9,100,33552,861,1.6,72.4,1.5,12815,901,4.3,27.6,1.9,34691,816,1.4,100,27036,867,2.0,77.9,1.7,7655,700,5.6,22.1,1.9,1728,339,11.9,100,238,106,27.2,13.8,5.5,1490,310,12.6,86.2,5.9,5262,548,6.3,100,2700,406,9.1,51.3,5.6,2562,463,11.0,48.7,7.2,4375,414,5.8,100,3481,363,6.3,79.6,3.5,894,280,19.1,20.4,6.1,47287,598,0.8,100,33582,997,1.8,71.0,1.9,13705,1004,4.5,29.0,2.1,33516,801,1.5,100,25733,920,2.2,76.8,2.0,7783,796,6.2,23.2,2.3,1771,325,11.2,100,314,137,26.4,17.7,7.0,1457,319,13.3,82.3,9.8,5715,626,6.7,100,2535,416,10.0,44.4,5.4,3180,643,12.3,55.6,9.4,5784,426,4.5,100,4661,411,5.4,80.6,3.9,1123,337,18.2,19.4,5.6
03903,60505,717,0.7,100,33442,1099,2.0,55.3,1.7,27063,1161,2.6,44.7,1.8,27804,875,1.9,100,19692,820,2.5,70.8,1.9,8112,689,5.2,29.2,2.3,13253,625,2.9,100,4929,501,6.2,37.2,3.3,8324,653,4.8,62.8,3.9,14219,830,3.5,100,5540,696,7.6,39.0,4.3,8679,668,4.7,61.0,3.1,3961,401,6.1,100,2689,333,7.5,67.9,4.8,1272,291,13.9,32.1,6.6,60694,861,0.9,100,33259,1244,2.3,54.8,1.9,27435,1143,2.5,45.2,1.8,27272,801,1.8,100,18870,867,2.8,69.2,2.4,8402,752,5.4,30.8,2.6,13112,667,3.1,100,4824,549,6.9,36.8,3.7,8288,776,5.7,63.2,5.0,14681,821,3.4,100,5535,566,6.2,37.7,3.2,9146,871,5.8,62.3,4.8,4616,459,6.0,100,3488,370,6.4,75.6,2.8,1128,321,17.3,24.4,6.5
04001,57483,679,0.7,100,9269,710,4.7,16.1,1.2,48214,856,1.1,83.9,1.1,36406,1042,1.7,100,6934,572,5.0,19.0,1.5,29472,1086,2.2,81.0,1.9,2550,381,9.1,100,295,163,33.6,11.6,6.1,2255,366,9.9,88.4,5.6,14371,849,3.6,100,1370,340,15.1,9.5,2.3,13001,844,3.9,90.5,2.4,3290,453,8.4,100,629,180,17.4,19.1,4.8,2661,456,10.4,80.9,8.2,66286,779,0.7,100,10538,762,4.4,15.9,1.1,55748,991,1.1,84.1,1.1,42410,1025,1.5,100,7451,642,5.2,17.6,1.5,34959,1064,1.8,82.4,1.5,2326,469,12.3,100,335,202,36.6,14.4,8.2,1991,435,13.3,85.6,7.2,15028,920,3.7,100,1790,365,12.4,11.9,2.3,13238,925,4.2,88.1,3.0,4803,464,5.9,100,677,207,18.6,14.1,4.1,4126,453,6.7,85.9,4.5
04002,43049,572,0.8,100,5902,625,6.4,13.7,1.4,37147,699,1.1,86.3,1.2,5450,530,5.9,100,405,142,21.3,7.4,2.5,5045,518,6.2,92.6,3.0,8616,708,5.0,100,1897,301,9.6,22.0,3.0,6719,687,6.2,78.0,4.7,26652,960,2.2,100,2969,448,9.2,11.1,1.6,23683,935,2.4,88.9,1.4,1869,339,11.0,100,489,157,19.5,26.2,6.9,1380,315,13.9,73.8,10.2,47115,587,0.8,100,6597,606,5.6,14.0,1.3,40518,777,1.2,86.0,1.3,11000,628,3.5,100,1021,221,13.2,9.3,1.9,9979,599,3.7,90.7,1.7,8275,798,5.9,100,1839,334,11.0,22.2,3.4,6436,745,7.0,77.8,5.0,23887,965,2.5,100,3148,489,9.4,13.2,2.0,20739,1005,2.9,86.8,2.3,2719,434,9.7,100,410,146,21.6,15.1,4.8,2309,423,11.1,84.9,7.6
04003,48585,614,0.8,100,10474,683,4.0,21.6,1.4,38111,843,1.3,78.4,1.4,5834,467,4.9,100,1055,210,12.1,18.1,3.3,4779,455,5.8,81.9,4.2,31473,816,1.6,100,7816,581,4.5,24.8,1.7,23657,898,2.3,75.2,2.1,9209,673,4.4,100,1095,286,15.9,11.9,3.0,8114,634,4.7,88.1,2.4,1239,257,12.6,100,344,155,27.3,27.8,11.1,895,224,15.2,72.2,10.1,54493,694,0.8,100,12416,836,4.1,22.8,1.5,42077,1045,1.5,77.2,1.6,13339,694,3.2,100,2912,364,7.6,21.8,2.5,10427,707,4.1,78.2,3.4,28285,952,2.0,100,7843,619,4.8,27.7,2.0,20442,980,2.9,72.3,2.5,9717,756,4.7,100,1081,226,12.7,11.1,2.2,8636,806,5.7,88.9,4.6,1610,335,12.6,100,352,162,28.0,21.9,9.0,1258,305,14.7,78.1,9.7
04004,53060,695,0.8,100,16200,803,3.0,30.5,1.5,36860,1006,1.7,69.5,1.7,25197,759,1.8,100,9108,631,4.2,36.1,2.3,16089,819,3.1,63.9,2.6,14639,710,2.9,100,4004,516,7.8,27.4,3.3,10635,738,4.2,72.6,3.6,7846,624,4.8,100,1088,314,17.5,13.9,3.8,6758,577,5.2,86.1,2.7,3632,493,8.3,100,1294,292,13.7,35.6,6.4,2338,422,11.0,64.4,7.7,61995,677,0.7,100,18715,941,3.1,30.2,1.5,43280,1014,1.4,69.8,1.4,31224,972,1.9,100,11181,698,3.8,35.8,1.9,20043,816,2.5,64.2,1.7,15697,893,3.5,100,4043,538,8.1,25.8,3.1,11654,792,4.1,74.2,2.8,7442,764,6.2,100,1171,327,17.0,15.7,4.1,6271,662,6.4,84.3,2.1,5831,526,5.5,100,1774,343,11.7,30.4,5.2,4057,368,5.5,69.6,0.7
04005,48696,607,0.8,100,16658,868,3.2,34.2,1.7,32038,1039,2.0,65.8,2.0,33145,944,1.7,100,13105,863,4.0,39.5,2.3,20040,1090,3.3,60.5,2.8,3482,433,7.6,100,729,237,19.7,20.9,6.3,2753,405,8.9,79.1,6.2,8055,828,6.2,100,1629,344,12.8,20.2,3.7,6426,748,7.1,79.8,4.4,2848,449,9.6,100,906,227,15.2,31.8,6.2,1942,406,12.7,68.2,9.4,48927,737,0.9,100,18659,842,2.7,38.1,1.6,30268,1042,2.1,61.9,1.9,33707,819,1.5,100,15060,843,3.4,44.7,2.3,18647,893,2.9,55.3,2.3,3658,566,9.4,100,407,176,26.3,11.1,4.5,3251,573,10.7,88.9,7.5,6466,594,5.6,100,1470,321,13.3,22.7,4.5,4996,622,7.6,77.3,6.5,3675,499,8.3,100,1361,328,14.6,37.0,7.4,2314,392,10.3,63.0,6.4
04006,50212,621,0.8,100,9282,780,5.1,18.5,1.5,40930,942,1.4,81.5,1.6,9275,609,4.0,100,2535,376,9.0,27.3,3.6,6740,592,5.3,72.7,4.2,33164,876,1.6,100,5755,594,6.3,17.4,1.7,27409,861,1.9,82.6,1.4,5501,692,7.6,100,446,172,23.5,8.1,3.0,5055,678,8.1,91.9,4.3,1296,314,14.7,100,333,172,31.3,25.7,11.7,963,285,18.0,74.3,12.6,55801,687,0.7,100,10770,745,4.2,19.3,1.3,45031,957,1.3,80.7,1.4,14887,763,3.1,100,3929,463,7.2,26.4,2.8,10958,691,3.8,73.6,2.7,30996,861,1.7,100,5417,577,6.5,17.5,1.8,25579,996,2.4,82.5,2.3,6034,685,6.9,100,615,185,18.3,10.2,2.8,5419,649,7.3,89.8,3.4,1980,354,10.9,100,445,146,20.0,22.5,6.2,1535,328,13.0,77.5,9.1
04007,41842,505,0.7,100,8122,697,5.2,19.4,1.7,33720,839,1.5,80.6,1.8,375,195,31.6,100,23,20,52.4,6.1,4.2,352,194,33.6,93.9,17.6,32446,742,1.4,100,6967,606,5.3,21.5,1.8,25479,897,2.1,78.5,2.1,8175,681,5.1,100,980,249,15.4,12.0,2.9,7195,699,5.9,88.0,4.4,269,112,25.4,100,20,35,106.9,7.4,12.7,249,108,26.5,92.6,11.4,46415,657,0.9,100,8088,667,5.0,17.4,1.4,38327,891,1.4,82.6,1.5,1380,254,11.2,100,360,153,25.8,26.1,10.0,1020,197,11.7,73.9,4.3,34225,969,1.7,100,6453,604,5.7,18.9,1.7,27772,918,2.0,81.1,1.4,9534,784,5.0,100,1074,297,16.8,11.3,3.0,8460,736,5.3,88.7,2.5,391,148,22.9,100,52,56,65.9,13.3,13.5,339,134,24.0,86.7,10.1
04008,50782,614,0.7,100,11869,715,3.7,23.4,1.4,38913,855,1.3,76.6,1.4,3724,470,7.7,100,558,157,17.1,15.0,3.8,3166,476,9.1,85.0,6.9,27477,846,1.9,100,6555,557,5.2,23.9,1.9,20922,993,2.9,76.1,2.8,17399,935,3.3,100,3677,473,7.8,21.1,2.5,13722,952,4.2,78.9,3.5,1338,261,11.9,100,726,192,16.1,54.3,9.7,612,207,20.5,45.7,12.6,57011,642,0.7,100,14227,950,4.1,25.0,1.6,42784,1183,1.7,75.0,1.9,3068,372,7.4,100,505,180,21.7,16.5,5.5,2563,378,9.0,83.5,7.0,32132,1121,2.1,100,8104,779,5.8,25.2,2.3,24028,1153,2.9,74.8,2.5,18876,918,3.0,100,4451,496,6.8,23.6,2.4,14425,926,3.9,76.4,3.2,1759,297,10.3,100,842,196,14.1,47.9,7.6,917,211,14.0,52.1,8.2
04009,67411,583,0.5,100,39241,1101,1.7,58.2,1.6,28170,1007,2.2,41.8,1.4,19144,752,2.4,100,14010,694,3.0,73.2,2.2,5134,558,6.6,26.8,2.7,40052,845,1.3,100,20980,869,2.5,52.4,1.9,19072,961,3.1,47.6,2.2,5564,590,6.4,100,2364,404,10.4,42.5,5.7,3200,410,7.8,57.5,4.1,1824,269,9.0,100,1268,262,12.5,69.5,10.0,556,182,19.9,30.5,8.9,68788,606,0.5,100,39948,1063,1.6,58.1,1.5,28840,992,2.1,41.9,1.4,16899,692,2.5,100,12985,675,3.2,76.8,2.5,3914,469,7.3,23.2,2.6,42352,853,1.2,100,21917,774,2.1,51.7,1.5,20435,871,2.6,48.3,1.8,5551,557,6.1,100,2263,336,9.0,40.8,4.5,3288,463,8.6,59.2,5.8,2883,315,6.6,100,2151,308,8.7,74.6,6.9,732,181,15.0,25.4,5.6
04010,48489,588,0.7,100,16440,816,3.0,33.9,1.6,32049,914,1.7,66.1,1.7,632,201,19.3,100,204,108,32.1,32.3,13.6,428,173,24.6,67.7,17.0,43270,721,1.0,100,15036,725,2.9,34.7,1.6,28234,907,2.0,65.3,1.8,2886,413,8.7,100,651,207,19.3,22.6,6.4,2235,375,10.2,77.4,6.7,754,312,25.2,100,216,117,32.8,28.6,9.9,538,305,34.5,71.4,27.6,49809,605,0.7,100,17250,825,2.9,34.6,1.6,32559,932,1.7,65.4,1.7,1423,262,11.2,100,490,148,18.3,34.4,8.2,933,217,14.2,65.6,9.4,43108,726,1.0,100,14856,823,3.4,34.5,1.8,28252,904,1.9,65.5,1.8,3644,567,9.5,100,1229,305,15.1,33.7,6.5,2415,410,10.3,66.3,4.5,501,169,20.5,100,242,99,24.8,48.3,11.0,259,123,28.9,51.7,17.3
04011,40679,546,0.8,100,6291,575,5.6,15.5,1.4,34388,668,1.2,84.5,1.2,5082,461,5.5,100,1572,250,9.7,30.9,4.0,3510,458,7.9,69.1,6.5,30107,878,1.8,100,4218,501,7.2,14.0,1.6,25889,890,2.1,86.0,1.6,3957,606,9.3,100,352,148,25.6,8.9,3.5,3605,587,9.9,91.1,5.0,742,254,20.8,100,83,64,46.9,11.2,7.7,659,242,22.3,88.8,11.6,42809,573,0.8,100,6982,663,5.8,16.3,1.5,35827,753,1.3,83.7,1.4,9608,612,3.9,100,2361,372,9.6,24.6,3.5,7247,555,4.7,75.4,3.2,27148,862,1.9,100,3962,527,8.1,14.6,1.9,23186,918,2.4,85.4,2.0,3789,556,8.9,100,364,182,30.4,9.6,4.6,3425,552,9.8,90.4,6.0,1071,233,13.2,100,125,93,45.0,11.7,8.3,946,232,14.9,88.3,9.9
04012,47087,618,0.8,100,12679,910,4.4,26.9,1.9,34408,985,1.7,73.1,1.9,14672,749,3.1,100,6135,609,6.0,41.8,3.6,8537,662,4.7,58.2,3.4,1700,386,13.8,100,394,138,21.2,23.2,6.1,1306,351,16.4,76.8,11.1,18592,939,3.1,100,2777,379,8.3,14.9,1.9,15815,1022,3.9,85.1,3.4,11444,626,3.3,100,3058,417,8.3,26.7,3.3,8386,586,4.2,73.3,3.2,44399,544,0.7,100,12696,810,3.9,28.6,1.8,31703,930,1.8,71.4,1.9,14586,617,2.6,100,6230,530,5.2,42.7,3.2,8356,581,4.2,57.3,3.2,1344,334,15.1,100,297,149,30.6,22.1,9.7,1047,291,16.9,77.9,9.6,15731,693,2.7,100,2046,411,12.2,13.0,2.6,13685,762,3.4,87.0,3.0,11819,558,2.9,100,3757,402,6.5,31.8,3.1,8062,582,4.4,68.2,3.7
04013,49956,519,0.6,100,19290,838,2.6,38.6,1.6,30666,875,1.7,61.4,1.6,34796,816,1.4,100,14543,746,3.1,41.8,1.9,20253,768,2.3,58.2,1.7,646,200,18.8,100,49,46,57.6,7.6,6.8,597,187,19.1,92.4,5.1,6347,691,6.6,100,1067,302,17.2,16.8,4.4,5280,547,6.3,83.2,12.5,7580,613,4.9,100,3512,470,8.1,46.3,4.9,4068,509,7.6,53.7,5.1,47718,553,0.7,100,19866,828,2.5,41.6,1.7,27852,870,1.9,58.4,1.7,29895,700,1.4,100,13698,684,3.0,45.8,2.0,16197,793,3.0,54.2,2.3,1093,243,13.5,100,43,45,63.6,3.9,4.0,1050,244,14.1,96.1,6.3,7116,577,4.9,100,1336,279,12.7,18.8,3.6,5780,555,5.8,81.2,4.2,8520,489,3.5,100,4516,387,5.2,53.0,3.4,4004,399,6.1,47.0,3.8
04014,46968,648,0.8,100,14717,850,3.5,31.3,1.8,32251,980,1.8,68.7,1.9,33682,778,1.4,100,11762,797,4.1,34.9,2.2,21920,999,2.8,65.1,2.6,1332,325,14.8,100,414,153,22.5,31.1,8.6,918,334,22.1,68.9,18.7,5559,545,6.0,100,610,198,19.7,11.0,3.4,4949,531,6.5,89.0,3.9,5875,457,4.7,100,1768,299,10.3,30.1,4.5,4107,455,6.7,69.9,5.5,44133,530,0.7,100,15272,721,2.9,34.6,1.6,28861,889,1.9,65.4,1.9,31012,711,1.4,100,11854,648,3.3,38.2,1.9,19158,851,2.7,61.8,2.3,1293,335,15.8,100,384,172,27.2,29.7,10.9,909,263,17.6,70.3,9.1,4994,487,5.9,100,887,214,14.6,17.8,3.9,4107,440,6.5,82.2,3.7,5946,488,5.0,100,1879,286,9.3,31.6,4.1,4067,482,7.2,68.4,5.9
04015,55913,578,0.6,100,12861,732,3.5,23.0,1.3,43052,816,1.2,77.0,1.2,23877,854,2.2,100,8957,703,4.8,37.5,2.6,14920,736,3.0,62.5,2.1,20009,848,2.6,100,2349,382,9.9,11.7,1.8,17660,817,2.8,88.3,1.6,7226,695,5.8,100,518,180,21.2,7.2,2.4,6708,718,6.5,92.8,4.3,3788,393,6.3,100,816,203,15.2,21.5,4.9,2972,413,8.5,78.5,7.3,57254,598,0.6,100,13149,708,3.3,23.0,1.2,44105,899,1.2,77.0,1.3,25178,913,2.2,100,9303,691,4.5,36.9,2.4,15875,922,3.5,63.1,2.9,18246,729,2.4,100,1836,273,9.0,10.1,1.4,16410,740,2.7,89.9,1.9,7811,803,6.3,100,749,239,19.4,9.6,2.9,7062,758,6.5,90.4,2.8,4376,507,7.0,100,1054,248,14.3,24.1,4.9,3322,453,8.3,75.9,5.5
04016,55527,585,0.6,100,25730,904,2.1,46.3,1.6,29797,893,1.8,53.7,1.5,43063,846,1.2,100,20813,782,2.3,48.3,1.5,22250,923,2.5,51.7,1.9,2032,452,13.5,100,280,153,33.3,13.8,6.9,1752,438,15.2,86.2,9.8,3485,498,8.7,100,684,215,19.1,19.6,5.5,2801,438,9.5,80.4,5.1,6321,616,5.9,100,3737,495,8.1,59.1,5.3,2584,388,9.1,40.9,4.7,55971,620,0.7,100,25710,904,2.1,45.9,1.5,30261,1068,2.1,54.1,1.8,40382,908,1.4,100,19672,807,2.5,48.7,1.7,20710,937,2.7,51.3,2.0,2260,401,10.8,100,251,128,31.1,11.1,5.3,2009,393,11.9,88.9,7.3,4354,519,7.2,100,940,226,14.6,21.6,4.5,3414,471,8.4,78.4,5.5,7812,532,4.1,100,4583,436,5.8,58.7,3.9,3229,417,7.8,41.3,4.5
04017,62180,657,0.6,100,22457,807,2.2,36.1,1.2,39723,888,1.4,63.9,1.3,36823,919,1.5,100,12562,724,3.5,34.1,1.8,24261,921,2.3,65.9,1.9,561,176,19.1,100,28,34,73.5,5.0,5.8,533,167,19.0,95.0,42.1,7033,677,5.9,100,658,204,18.8,9.4,2.8,6375,674,6.4,90.6,4.0,17127,631,2.2,100,9075,666,4.5,53.0,3.4,8052,564,4.3,47.0,2.8,63678,585,0.6,100,22720,881,2.4,35.7,1.3,40958,1023,1.5,64.3,1.5,30844,811,1.6,100,9818,618,3.8,31.8,1.8,21026,757,2.2,68.2,1.7,723,200,16.8,100,59,59,60.8,8.2,7.8,664,181,16.6,91.8,35.7,8518,728,5.2,100,658,184,17.0,7.7,2.1,7860,717,5.5,92.3,3.0,21929,788,2.2,100,11907,696,3.6,54.3,2.5,10022,762,4.6,45.7,3.1
04018,44073,591,0.8,100,12830,695,3.3,29.1,1.5,31243,860,1.7,70.9,1.7,30174,771,1.6,100,9261,556,3.6,30.7,1.7,20913,898,2.6,69.3,2.4,4657,445,5.8,100,457,198,26.4,9.8,4.2,4200,442,6.4,90.2,4.0,4972,585,7.1,100,804,262,19.8,16.2,4.9,4168,534,7.8,83.8,4.3,3973,479,7.3,100,2143,403,11.4,53.9,7.8,1830,344,11.4,46.1,6.6,45962,554,0.7,100,12784,801,3.8,27.8,1.7,33178,928,1.7,72.2,1.8,29903,886,1.8,100,9445,749,4.8,31.6,2.3,20458,992,2.9,68.4,2.6,4838,596,7.5,100,407,196,29.3,8.4,3.9,4431,613,8.4,91.6,5.7,5507,640,7.1,100,479,210,26.6,8.7,3.7,5028,630,7.6,91.3,4.3,4589,469,6.2,100,2106,385,11.1,45.9,7.0,2483,338,8.3,54.1,4.9
04101,73052,799,0.7,100,14798,870,3.6,20.3,1.2,58254,877,0.9,79.7,0.8,40797,1045,1.6,100,10906,745,4.2,26.7,1.7,29891,975,2.0,73.3,1.5,4905,500,6.2,100,182,122,40.6,3.7,2.4,4723,498,6.4,96.3,2.6,17493,924,3.2,100,1847,394,13.0,10.6,2.2,15646,833,3.2,89.4,0.6,8280,769,5.6,100,1659,303,11.1,20.0,3.1,6621,750,6.9,80.0,5.2,71009,1022,0.9,100,13389,706,3.2,18.9,1.0,57620,1276,1.3,81.1,1.4,39652,1079,1.7,100,9268,627,4.1,23.4,1.4,30384,1162,2.3,76.6,2.1,4554,475,6.3,100,155,95,37.3,3.4,2.1,4399,468,6.5,96.6,2.0,15327,716,2.8,100,1851,349,11.5,12.1,2.2,13476,705,3.2,87.9,2.1,9800,744,4.6,100,1926,269,8.5,19.7,2.3,7874,702,5.4,80.3,3.7
04102,54292,729,0.8,100,18428,927,3.1,33.9,1.6,35864,1023,1.7,66.1,1.7,9590,694,4.4,100,4878,510,6.4,50.9,3.8,4712,585,7.6,49.1,5.0,3708,514,8.4,100,1885,347,11.2,50.8,6.2,1823,377,12.6,49.2,7.5,31049,1086,2.1,100,6902,727,6.4,22.2,2.2,24147,1008,2.5,77.8,1.8,9071,801,5.4,100,4319,574,8.1,47.6,4.7,4752,665,8.5,52.4,5.7,52441,802,0.9,100,18482,892,2.9,35.2,1.6,33959,992,1.8,64.8,1.6,8139,616,4.6,100,4288,447,6.3,52.7,3.8,3851,538,8.5,47.3,5.6,3312,402,7.4,100,1802,320,10.8,54.4,7.1,1510,297,12.0,45.6,7.1,31016,1112,2.2,100,7515,791,6.4,24.2,2.4,23501,1091,2.8,75.8,2.2,9309,650,4.2,100,4560,544,7.2,49.0,4.7,4749,535,6.9,51.0,4.5
04103,88320,789,0.5,100,42146,1170,1.7,47.7,1.3,46174,1188,1.6,52.3,1.3,33141,929,1.7,100,21922,807,2.2,66.1,1.6,11219,935,5.1,33.9,2.7,2056,378,11.2,100,191,115,36.5,9.3,5.3,1865,352,11.5,90.7,4.0,12161,1021,5.1,100,2974,458,9.4,24.5,3.2,9187,788,5.2,75.5,1.3,38955,1223,1.9,100,16016,1062,4.0,41.1,2.4,22939,1188,3.1,58.9,2.4,86782,858,0.6,100,39889,1107,1.7,46.0,1.2,46893,1121,1.5,54.0,1.2,26860,990,2.2,100,18451,831,2.7,68.7,1.8,8409,819,5.9,31.3,2.8,1643,297,11.0,100,299,148,30.1,18.2,8.4,1344,247,11.2,81.8,2.8,12790,1012,4.8,100,3447,525,9.3,27.0,3.5,9343,839,5.5,73.0,3.1,43983,1135,1.6,100,17069,863,3.1,38.8,1.7,26914,1038,2.3,61.2,1.8
04104,44125,524,0.7,100,30764,912,1.8,69.7,1.9,13361,879,4.0,30.3,2.0,24789,725,1.8,100,18484,767,2.5,74.6,2.2,6305,620,6.0,25.4,2.4,845,275,19.8,100,521,252,29.5,61.7,22.2,324,161,30.1,38.3,14.4,3862,475,7.5,100,2030,353,10.6,52.6,6.4,1832,363,12.0,47.4,7.4,13983,709,3.1,100,9241,742,4.9,66.1,4.1,4742,580,7.4,33.9,3.8,43388,453,0.6,100,30135,821,1.7,69.5,1.7,13253,819,3.8,30.5,1.9,20763,723,2.1,100,15562,709,2.8,75.0,2.2,5201,658,7.7,25.0,3.0,1073,252,14.3,100,421,147,21.2,39.2,10.1,652,194,18.1,60.8,11.1,4284,548,7.8,100,2198,349,9.7,51.3,4.8,2086,377,11.0,48.7,6.2,16531,585,2.1,100,11380,594,3.2,68.8,2.6,5151,606,7.2,31.2,3.5
04105,61002,622,0.6,100,44511,1081,1.5,73.0,1.6,16491,1035,3.8,27.0,1.7,12062,680,3.4,100,9379,617,4.0,77.8,2.6,2683,434,9.8,22.2,3.4,33392,855,1.6,100,24002,963,2.4,71.9,2.2,9390,808,5.2,28.1,2.3,5880,668,6.9,100,3750,561,9.1,63.8,6.2,2130,394,11.2,36.2,5.3,7451,542,4.4,100,5807,547,5.7,77.9,4.7,1644,319,11.8,22.1,4.0,61092,676,0.7,100,44729,1079,1.5,73.2,1.6,16363,989,3.7,26.8,1.6,9986,691,4.2,100,7854,607,4.7,78.7,2.7,2132,386,11.0,21.3,3.6,32613,962,1.8,100,23288,926,2.4,71.4,1.9,9325,908,5.9,28.6,2.7,6663,574,5.2,100,4588,522,6.9,68.9,5.1,2075,413,12.1,31.1,5.6,8302,524,3.8,100,6628,487,4.5,79.8,3.0,1674,312,11.3,20.2,3.5
04106,54726,563,0.6,100,25846,1185,2.8,47.2,2.1,28880,1175,2.5,52.8,2.1,20287,954,2.9,100,10976,802,4.4,54.1,3.0,9311,835,5.5,45.9,3.5,7981,611,4.7,100,2435,408,10.2,30.5,4.5,5546,553,6.1,69.5,4.4,9414,722,4.7,100,3037,495,9.9,32.3,4.6,6377,682,6.5,67.7,5.0,15412,961,3.8,100,8572,777,5.5,55.6,3.7,6840,686,6.1,44.4,3.5,55492,522,0.6,100,25154,1040,2.5,45.3,1.8,30338,1099,2.2,54.7,1.9,17813,858,2.9,100,9864,743,4.6,55.4,3.2,7949,697,5.3,44.6,3.3,8194,840,6.2,100,2317,428,11.2,28.3,4.3,5877,783,8.1,71.7,6.1,10601,985,5.7,100,3170,583,11.2,29.9,4.7,7431,772,6.3,70.1,3.3,16253,1035,3.9,100,8973,746,5.1,55.2,2.9,7280,834,7.0,44.8,4.3
04107,43741,562,0.8,100,10468,818,4.7,23.9,1.8,33273,981,1.8,76.1,2.0,4725,515,6.6,100,1717,355,12.6,36.3,6.4,3008,457,9.2,63.7,6.7,3517,445,7.7,100,237,160,41.1,6.7,4.5,3280,466,8.6,93.3,6.0,20556,880,2.6,100,2857,495,10.5,13.9,2.3,17699,926,3.2,86.1,2.6,14247,796,3.4,100,5453,608,6.8,38.3,3.7,8794,648,4.5,61.7,3.0,42764,666,0.9,100,10462,712,4.1,24.5,1.6,32302,837,1.6,75.5,1.6,3695,517,8.5,100,1315,313,14.5,35.6,6.9,2380,459,11.7,64.4,8.5,2797,490,10.7,100,244,124,30.9,8.7,4.2,2553,458,10.9,91.3,3.5,20913,923,2.7,100,2474,459,11.3,11.8,2.1,18439,969,3.2,88.2,2.5,14427,870,3.7,100,6048,576,5.8,41.9,3.1,8379,702,5.1,58.1,3.4
04108,51225,520,0.6,100,23192,1020,2.7,45.3,1.9,28033,995,2.2,54.7,1.9,30568,860,1.7,100,13082,851,4.0,42.8,2.5,17486,979,3.4,57.2,2.8,1193,338,17.2,100,335,163,29.6,28.1,11.1,858,304,21.6,71.9,15.3,6669,767,7.0,100,2194,445,12.3,32.9,5.5,4475,617,8.4,67.1,5.1,11422,733,3.9,100,6902,610,5.4,60.4,3.7,4520,541,7.3,39.6,4.0,51831,584,0.7,100,24550,974,2.4,47.4,1.8,27281,1128,2.5,52.6,2.1,27409,886,2.0,100,12371,845,4.2,45.1,2.7,15038,917,3.7,54.9,2.8,1500,347,14.1,100,381,176,28.1,25.4,10.1,1119,293,15.9,74.6,9.1,7226,691,5.8,100,2583,504,11.9,35.7,6.1,4643,656,8.6,64.3,6.7,14161,839,3.6,100,8785,708,4.9,62.0,3.4,5376,612,6.9,38.0,3.7
04109,51040,598,0.7,100,13451,808,3.7,26.4,1.6,37589,944,1.5,73.6,1.6,19118,876,2.8,100,5876,537,5.6,30.7,2.4,13242,816,3.7,69.3,2.9,955,211,13.4,100,260,145,33.8,27.2,13.9,695,217,19.0,72.8,16.1,14700,825,3.4,100,2360,403,10.4,16.1,2.6,12340,797,3.9,83.9,2.7,15586,950,3.7,100,4732,528,6.8,30.4,2.8,10854,889,5.0,69.6,3.8,53751,803,0.9,100,15303,857,3.4,28.5,1.5,38448,966,1.5,71.5,1.4,19920,1025,3.1,100,6493,599,5.6,32.6,2.5,13427,809,3.7,67.4,2.1,1089,275,15.3,100,276,148,32.6,25.3,12.0,813,264,19.7,74.7,15.3,14950,980,4.0,100,2829,484,10.4,18.9,3.0,12121,904,4.5,81.1,2.9,16521,810,3.0,100,5418,527,5.9,32.8,2.8,11103,645,3.5,67.2,2.1
04110,61169,766,0.8,100,24724,955,2.3,40.4,1.5,36445,933,1.6,59.6,1.3,38030,894,1.4,100,19204,884,2.8,50.5,2.0,18826,873,2.8,49.5,2.0,785,276,21.3,100,54,78,88.0,6.9,9.7,731,259,21.5,93.1,3.9,18185,898,3.0,100,3459,440,7.7,19.0,2.2,14726,861,3.6,81.0,2.5,3763,492,8.0,100,1867,371,12.1,49.6,7.4,1896,348,11.2,50.4,6.5,62374,639,0.6,100,25378,859,2.1,40.7,1.3,36996,992,1.6,59.3,1.5,36868,887,1.5,100,18793,794,2.6,51.0,1.8,18075,955,3.2,49.0,2.3,922,229,15.1,100,178,118,40.2,19.3,11.8,744,238,19.4,80.7,16.2,19167,915,2.9,100,3748,433,7.0,19.6,2.1,15419,851,3.4,80.4,2.2,4625,423,5.6,100,2295,284,7.5,49.6,4.1,2330,396,10.3,50.4,7.2
04111,44733,539,0.7,100,20434,1050,3.1,45.7,2.3,24299,961,2.4,54.3,2.0,12660,628,3.0,100,6582,486,4.5,52.0,2.8,6078,567,5.7,48.0,3.8,3359,494,8.9,100,1160,279,14.6,34.5,6.6,2199,388,10.7,65.5,6.4,16562,917,3.4,100,6297,616,5.9,38.0,3.1,10265,810,4.8,62.0,3.5,9192,588,3.9,100,4813,513,6.5,52.4,4.5,4379,424,5.9,47.6,3.5,43844,598,0.8,100,20204,633,1.9,46.1,1.3,23640,795,2.0,53.9,1.7,11012,511,2.8,100,5763,369,3.9,52.3,2.3,5249,430,5.0,47.7,3.2,2850,355,7.6,100,926,195,12.8,32.5,5.5,1924,293,9.3,67.5,6.0,16744,775,2.8,100,6091,432,4.3,36.4,2.0,10653,694,4.0,63.6,2.9,10125,522,3.1,100,5711,432,4.6,56.4,3.1,4414,454,6.3,43.6,3.9
04112,69210,818,0.7,100,33997,1125,2.0,49.1,1.5,35213,1123,1.9,50.9,1.5,997,243,14.8,100,540,173,19.4,54.2,11.2,457,153,20.4,45.8,10.5,47626,1048,1.3,100,25281,1054,2.5,53.1,1.9,22345,1041,2.8,46.9,1.9,10271,695,4.1,100,2907,420,8.8,28.3,3.6,7364,662,5.5,71.7,4.2,5987,484,4.9,100,2771,415,9.1,46.3,5.8,3216,407,7.7,53.7,5.2,72300,913,0.8,100,36019,1005,1.7,49.8,1.2,36281,1155,1.9,50.2,1.5,1303,301,14.1,100,535,159,18.0,41.1,7.6,768,251,19.8,58.9,13.6,47783,933,1.2,100,25234,934,2.3,52.8,1.7,22549,965,2.6,47.2,1.8,10158,716,4.3,100,3274,383,7.1,32.2,3.0,6884,649,5.7,67.8,4.2,8368,707,5.1,100,3908,449,7.0,46.7,3.6,4460,595,8.1,53.3,5.5
04113,40129,510,0.8,100,25752,1144,2.7,64.2,2.7,14377,1004,4.2,35.8,2.5,13437,779,3.5,100,10209,769,4.6,76.0,3.7,3228,639,12.0,24.0,4.5,5887,556,5.7,100,3308,441,8.1,56.2,5.3,2579,455,10.7,43.8,6.5,9126,775,5.2,100,4941,676,8.3,54.1,5.8,4185,577,8.4,45.9,5.0,6213,594,5.8,100,3888,520,8.1,62.6,5.9,2325,409,10.7,37.4,5.5,39105,607,0.9,100,26578,801,1.8,68.0,1.8,12527,723,3.5,32.0,1.8,11991,683,3.5,100,9341,556,3.6,77.9,1.3,2650,577,13.2,22.1,4.6,5541,478,5.2,100,3637,379,6.3,65.6,3.8,1904,328,10.5,34.4,5.1,8936,636,4.3,100,5079,570,6.8,56.8,4.9,3857,511,8.1,43.2,4.8,8231,530,3.9,100,5604,436,4.7,68.1,3.0,2627,375,8.7,31.9,4.1
04114,39548,602,0.9,100,15279,826,3.3,38.6,2.0,24269,925,2.3,61.4,2.1,15762,684,2.6,100,9063,578,3.9,57.5,2.7,6699,629,5.7,42.5,3.5,14966,810,3.3,100,4121,522,7.7,27.5,3.2,10845,751,4.2,72.5,3.1,7331,713,5.9,100,1502,389,15.7,20.5,4.9,5829,605,6.3,79.5,2.9,739,321,26.4,100,256,164,38.8,34.6,16.2,483,294,37.0,65.4,27.9,42788,526,0.7,100,15421,1020,4.0,36.0,2.3,27367,998,2.2,64.0,2.2,15950,795,3.0,100,9251,656,4.3,58.0,2.9,6699,703,6.4,42.0,3.9,15388,886,3.5,100,3799,576,9.2,24.7,3.5,11589,953,5.0,75.3,4.4,9470,888,5.7,100,1416,378,16.2,15.0,3.7,8054,839,6.3,85.0,3.9,1390,350,15.3,100,602,194,19.6,43.3,8.7,788,301,23.2,56.7,16.3
