puma,age_p25pl_count,age_p25pl_count_moe,age_p25pl_count_cv,age_p25pl_pct,age_p25pl_pct_moe,edu_lths_count,edu_lths_count_moe,edu_lths_count_cv,edu_lths_pct,edu_lths_pct_moe,edu_hsgrd_count,edu_hsgrd_count_moe,edu_hsgrd_count_cv,edu_hsgrd_pct,edu_hsgrd_pct_moe,edu_sclga_count,edu_sclga_count_moe,edu_sclga_count_cv,edu_sclga_pct,edu_sclga_pct_moe,edu_bchd_count,edu_bchd_count_moe,edu_bchd_count_cv,edu_bchd_pct,edu_bchd_pct_moe,age_p25pl_wnh_count,age_p25pl_wnh_count_moe,age_p25pl_wnh_count_cv,age_p25pl_wnh_pct,age_p25pl_wnh_pct_moe,edu_lths_wnh_count,edu_lths_wnh_count_moe,edu_lths_wnh_count_cv,edu_lths_wnh_pct,edu_lths_wnh_pct_moe,edu_hsgrd_wnh_count,edu_hsgrd_wnh_count_moe,edu_hsgrd_wnh_count_cv,edu_hsgrd_wnh_pct,edu_hsgrd_wnh_pct_moe,edu_sclga_wnh_count,edu_sclga_wnh_count_moe,edu_sclga_wnh_count_cv,edu_sclga_wnh_pct,edu_sclga_wnh_pct_moe,edu_bchd_wnh_count,edu_bchd_wnh_count_moe,edu_bchd_wnh_count_cv,edu_bchd_wnh_pct,edu_bchd_wnh_pct_moe,age_p25pl_bnh_count,age_p25pl_bnh_count_moe,age_p25pl_bnh_count_cv,age_p25pl_bnh_pct,age_p25pl_bnh_pct_moe,edu_lths_bnh_count,edu_lths_bnh_count_moe,edu_lths_bnh_count_cv,edu_lths_bnh_pct,edu_lths_bnh_pct_moe,edu_hsgrd_bnh_count,edu_hsgrd_bnh_count_moe,edu_hsgrd_bnh_count_cv,edu_hsgrd_bnh_pct,edu_hsgrd_bnh_pct_moe,edu_sclga_bnh_count,edu_sclga_bnh_count_moe,edu_sclga_bnh_count_cv,edu_sclga_bnh_pct,edu_sclga_bnh_pct_moe,edu_bchd_bnh_count,edu_bchd_bnh_count_moe,edu_bchd_bnh_count_cv,edu_bchd_bnh_pct,edu_bchd_bnh_pct_moe,age_p25pl_anh_count,age_p25pl_anh_count_moe,age_p25pl_anh_count_cv,age_p25pl_anh_pct,age_p25pl_anh_pct_moe,edu_lths_anh_count,edu_lths_anh_count_moe,edu_lths_anh_count_cv,edu_lths_anh_pct,edu_lths_anh_pct_moe,edu_hsgrd_anh_count,edu_hsgrd_anh_count_moe,edu_hsgrd_anh_count_cv,edu_hsgrd_anh_pct,edu_hsgrd_anh_pct_moe,edu_sclga_anh_count,edu_sclga_anh_count_moe,edu_sclga_anh_count_cv,edu_sclga_anh_pct,edu_sclga_anh_pct_moe,edu_bchd_anh_count,edu_bchd_anh_count_moe,edu_bchd_anh_count_cv,edu_bchd_anh_pct,edu_bchd_anh_pct_moe,age_p25pl_hsp_count,age_p25pl_hsp_count_moe,age_p25pl_hsp_count_cv,age_p25pl_hsp_pct,age_p25pl_hsp_pct_moe,edu_lths_hsp_count,edu_lths_hsp_count_moe,edu_lths_hsp_count_cv,edu_lths_hsp_pct,edu_lths_hsp_pct_moe,edu_hsgrd_hsp_count,edu_hsgrd_hsp_count_moe,edu_hsgrd_hsp_count_cv,edu_hsgrd_hsp_pct,edu_hsgrd_hsp_pct_moe,edu_sclga_hsp_count,edu_sclga_hsp_count_moe,edu_sclga_hsp_count_cv,edu_sclga_hsp_pct,edu_sclga_hsp_pct_moe,edu_bchd_hsp_count,edu_bchd_hsp_count_moe,edu_bchd_hsp_count_cv,edu_bchd_hsp_pct,edu_bchd_hsp_pct_moe
03701,72164,1420,1.2,100,,17070,1116,4.0,23.7,1.5,15003,1058,4.3,20.8,1.4,15314,1067,4.2,21.2,1.4,24777,1285,3.2,34.3,1.6,34752,1426,2.5,100,,4207,593,8.6,12.1,1.6,7344,771,6.4,21.1,2.0,6572,732,6.8,18.9,2.0,16629,1104,4.0,47.9,2.5,9163,853,5.7,100,,1889,402,12.9,20.6,3.9,2027,416,12.5,22.1,4.0,2834,490,10.5,30.9,4.5,2413,453,11.4,26.3,4.3,3489,541,9.4,100,,842,269,19.5,24.1,6.8,670,241,21.8,19.2,6.2,247,146,36.0,7.1,4.0,1730,385,13.5,49.6,7.9,23201,1256,3.3,100,,9735,877,5.5,42.0,3.0,4585,617,8.2,19.8,2.4,5408,668,7.5,23.3,2.6,3473,540,9.5,15.0,2.2
03702,87266,1684,1.2,100,,25112,1338,3.2,28.8,1.4,24130,1317,3.3,27.7,1.4,23003,1292,3.4,26.4,1.4,15021,1079,4.4,17.2,1.2,12083,979,4.9,100,,2974,503,10.3,24.6,3.7,4372,607,8.4,36.2,4.1,2389,452,11.5,19.8,3.4,2348,448,11.6,19.4,3.4,56659,1710,1.8,100,,14635,1067,4.4,25.8,1.7,15628,1098,4.3,27.6,1.8,16068,1111,4.2,28.4,1.8,10328,912,5.4,18.2,1.5,1372,344,15.2,100,,510,210,25.0,37.2,12.2,204,133,39.6,14.9,9.0,335,170,30.9,24.4,10.8,323,167,31.5,23.5,10.7,13513,1030,4.6,100,,5802,695,7.3,42.9,4.0,2948,501,10.3,21.8,3.3,3470,542,9.5,25.7,3.5,1293,334,15.7,9.6,2.4
03703,78302,1427,1.1,100,,17206,1125,4.0,22.0,1.4,25121,1301,3.1,32.1,1.6,20705,1211,3.6,26.4,1.5,15270,1070,4.3,19.5,1.3,41362,1505,2.2,100,,9493,869,5.6,23.0,1.9,15592,1080,4.2,37.7,2.2,8507,826,5.9,20.6,1.9,7770,793,6.2,18.8,1.8,18472,1157,3.8,100,,3124,514,10.0,16.9,2.6,4481,611,8.3,24.3,2.9,6953,753,6.6,37.6,3.3,3914,573,8.9,21.2,2.8,1205,322,16.2,100,,189,128,41.2,15.7,9.8,374,180,29.3,31.0,12.4,176,124,42.7,14.6,9.5,466,201,26.2,38.7,13.1,16005,1092,4.1,100,,4126,588,8.7,25.8,3.2,4233,595,8.5,26.4,3.2,4798,632,8.0,30.0,3.4,2848,491,10.5,17.8,2.8
03704,82527,1519,1.1,100,,24008,1294,3.3,29.1,1.5,23222,1278,3.3,28.1,1.5,17917,1152,3.9,21.7,1.3,17380,1138,4.0,21.1,1.3,35517,1478,2.5,100,,10000,893,5.4,28.2,2.2,10968,931,5.2,30.9,2.3,5792,692,7.3,16.3,1.8,8757,840,5.8,24.7,2.1,14855,1065,4.4,100,,3884,572,8.9,26.1,3.4,3666,556,9.2,24.7,3.3,4516,615,8.3,30.4,3.5,2789,487,10.6,18.8,3.0,4767,631,8.0,100,,1071,304,17.2,22.5,5.6,645,236,22.3,13.5,4.6,716,249,21.1,15.0,4.8,2335,446,11.6,49.0,6.7,24272,1299,3.3,100,,7914,802,6.2,32.6,2.8,7015,758,6.6,28.9,2.7,6197,715,7.0,25.5,2.6,3146,516,10.0,13.0,2.0
03705,73422,1747,1.4,100,,35969,1525,2.6,49.0,1.7,17414,1151,4.0,23.7,1.5,14485,1063,4.5,19.7,1.4,5554,681,7.5,7.6,0.9,3652,556,9.3,100,,1704,382,13.6,46.7,7.7,996,293,17.9,27.3,6.9,392,184,28.6,10.7,4.8,560,220,23.9,15.3,5.6,25945,1356,3.2,100,,9618,882,5.6,37.1,2.8,7428,782,6.4,28.6,2.6,6350,726,6.9,24.5,2.5,2549,466,11.1,9.8,1.7,640,235,22.3,100,,116,100,52.6,18.1,14.2,244,145,36.2,38.1,17.9,177,124,42.6,27.7,16.5,103,95,55.8,16.1,13.5,42080,1601,2.3,100,,24002,1315,3.3,57.0,2.2,8451,831,6.0,20.1,1.8,7353,778,6.4,17.5,1.7,2274,441,11.8,5.4,1.0
03706,75121,1672,1.4,100,,29777,1415,2.9,39.6,1.7,18041,1163,3.9,24.0,1.5,15314,1084,4.3,20.4,1.4,11989,973,4.9,16.0,1.2,11447,953,5.1,100,,3488,543,9.5,30.5,4.0,3497,544,9.5,30.5,4.0,1985,412,12.6,17.3,3.3,2477,460,11.3,21.6,3.6,15005,1075,4.4,100,,4237,597,8.6,28.2,3.4,3579,550,9.3,23.9,3.2,4415,609,8.4,29.4,3.5,2774,486,10.6,18.5,3.0,6169,715,7.0,100,,2137,427,12.2,34.6,5.6,1188,320,16.4,19.3,4.7,611,230,22.9,9.9,3.5,2233,437,11.9,36.2,5.7,39749,1552,2.4,100,,18900,1186,3.8,47.5,2.3,8986,853,5.8,22.6,2.0,7908,804,6.2,19.9,1.9,3955,577,8.9,9.9,1.4
03707,72394,1715,1.4,100,,34303,1493,2.6,47.4,1.7,16646,1127,4.1,23.0,1.5,15370,1088,4.3,21.2,1.4,6075,710,7.1,8.4,1.0,1338,339,15.4,100,,453,198,26.6,33.9,12.1,272,154,34.3,20.3,10.3,436,194,27.1,32.6,11.9,177,124,42.6,13.2,8.6,24118,1313,3.3,100,,8650,839,5.9,35.9,2.9,6471,732,6.9,26.8,2.7,6326,724,7.0,26.2,2.6,2671,477,10.9,11.1,1.9,1239,327,16.0,100,,534,215,24.5,43.1,13.1,356,176,30.0,28.7,12.0,193,129,40.8,15.6,9.6,156,116,45.3,12.6,8.8,43263,1601,2.2,100,,23735,1305,3.3,54.9,2.2,8851,848,5.8,20.5,1.8,7801,799,6.2,18.0,1.7,2876,495,10.5,6.6,1.1
03708,73348,1671,1.4,100,,35248,1495,2.6,48.1,1.7,16937,1132,4.1,23.1,1.5,15478,1089,4.3,21.1,1.4,5685,687,7.4,7.8,0.9,1058,302,17.4,100,,401,186,28.3,37.9,13.9,204,133,39.6,19.3,11.3,343,172,30.6,32.4,13.4,110,98,54.0,10.4,8.7,28848,1397,2.9,100,,9591,879,5.6,33.2,2.6,8536,833,5.9,29.6,2.5,7883,802,6.2,27.3,2.4,2838,491,10.5,9.8,1.6,1129,312,16.8,100,,501,208,25.3,44.4,13.8,333,170,31.0,29.5,12.7,109,97,54.3,9.7,8.2,186,127,41.5,16.5,10.3,40246,1555,2.3,100,,23877,1302,3.3,59.3,2.3,7280,773,6.5,18.1,1.8,6800,748,6.7,16.9,1.7,2289,442,11.7,5.7,1.1
03709,105693,1909,1.1,100,,38966,1623,2.5,36.9,1.4,28784,1446,3.1,27.2,1.3,24565,1355,3.4,23.2,1.2,13378,1036,4.7,12.7,1.0,6618,744,6.8,100,,2119,426,12.2,32.0,5.3,2394,453,11.5,36.2,5.5,1016,296,17.7,15.4,4.1,1089,307,17.1,16.5,4.2,34562,1553,2.7,100,,8442,836,6.0,24.4,2.2,10136,911,5.5,29.3,2.3,9750,894,5.6,28.2,2.3,6234,723,7.0,18.0,1.9,4418,612,8.4,100,,1982,413,12.7,44.9,7.0,631,234,22.5,14.3,4.9,703,247,21.3,15.9,5.1,1102,308,17.0,24.9,6.1,56383,1823,2.0,100,,25102,1367,3.3,44.5,2.0,14477,1074,4.5,25.7,1.7,12361,999,4.9,21.9,1.6,4443,613,8.4,7.9,1.1
03710,78331,1748,1.4,100,,43330,1618,2.3,55.3,1.7,17957,1168,4.0,22.9,1.4,13265,1022,4.7,16.9,1.2,3779,565,9.1,4.8,0.7,2575,469,11.1,100,,1117,310,16.9,43.4,9.1,575,223,23.6,22.3,7.7,587,225,23.3,22.8,7.7,296,160,32.9,11.5,5.9,21461,1258,3.6,100,,10163,906,5.4,47.4,3.2,6557,737,6.8,30.6,2.9,3561,549,9.4,16.6,2.4,1180,319,16.4,5.5,1.5,503,209,25.2,100,,79,83,63.7,15.7,15.1,144,112,47.2,28.6,18.8,148,113,46.6,29.4,18.9,132,107,49.3,26.2,18.3,52622,1697,2.0,100,,31439,1459,2.8,59.7,2.0,10562,922,5.3,20.1,1.6,8549,836,5.9,16.2,1.5,2072,421,12.4,3.9,0.8
03801,141812,2128,0.9,100,,62773,1982,1.9,44.3,1.2,27521,1448,3.2,19.4,1.0,24530,1378,3.4,17.3,0.9,26988,1436,3.2,19.0,1.0,21851,1309,3.6,100,,2842,494,10.6,13.0,2.1,3620,556,9.3,16.6,2.3,3739,565,9.2,17.1,2.4,11650,980,5.1,53.3,3.1,14180,1074,4.6,100,,4339,608,8.5,30.6,3.6,3299,531,9.8,23.3,3.3,3270,529,9.8,23.1,3.3,3272,529,9.8,23.1,3.3,4044,587,8.8,100,,908,280,18.8,22.5,6.1,842,270,19.5,20.8,6.0,388,183,28.7,9.6,4.3,1906,405,12.9,47.1,7.3,98853,2191,1.3,100,,53736,1884,2.1,54.4,1.5,19297,1238,3.9,19.5,1.2,16426,1150,4.3,16.6,1.1,9394,884,5.7,9.5,0.9
03802,78185,1597,1.2,100,,25451,1327,3.2,32.6,1.6,14210,1046,4.5,18.2,1.3,13541,1024,4.6,17.3,1.3,24983,1318,3.2,32.0,1.6,16862,1126,4.1,100,,776,259,20.3,4.6,1.5,891,277,18.9,5.3,1.6,1874,400,13.0,11.1,2.3,13321,1017,4.6,79.0,2.9,24572,1310,3.2,100,,7151,765,6.5,29.1,2.7,6598,737,6.8,26.9,2.6,6147,713,7.0,25.0,2.6,4676,625,8.1,19.0,2.3,4284,600,8.5,100,,539,216,24.4,12.6,4.7,465,201,26.2,10.9,4.4,346,173,30.4,8.1,3.9,2934,499,10.3,68.5,6.6,29927,1407,2.9,100,,16251,1108,4.1,54.3,2.7,5717,689,7.3,19.1,2.1,4624,622,8.2,15.5,1.9,3335,531,9.7,11.1,1.7
03803,70144,1496,1.3,100,,24973,1297,3.2,35.6,1.7,18527,1158,3.8,26.4,1.6,16406,1102,4.1,23.4,1.5,10238,899,5.3,14.6,1.2,1742,386,13.5,100,,156,116,45.3,9.0,6.4,378,181,29.1,21.7,9.2,262,151,35.0,15.0,8.0,946,285,18.3,54.3,11.1,54774,1552,1.7,100,,18141,1148,3.8,33.1,1.9,15479,1076,4.2,28.3,1.8,13374,1011,4.6,24.4,1.7,7780,793,6.2,14.2,1.4,914,281,18.7,100,,273,154,34.3,29.9,14.1,90,88,59.7,9.8,9.2,98,92,57.2,10.7,9.5,453,198,26.6,49.6,15.4,10269,900,5.3,100,,5608,680,7.4,54.6,4.6,1963,409,12.7,19.1,3.6,1936,407,12.8,18.9,3.6,762,256,20.5,7.4,2.4
03804,72237,1557,1.3,100,,32761,1433,2.7,45.4,1.7,16983,1124,4.0,23.5,1.5,12790,995,4.7,17.7,1.3,9703,880,5.5,13.4,1.2,6525,732,6.8,100,,731,251,20.9,11.2,3.6,964,288,18.2,14.8,4.1,1053,301,17.4,16.1,4.2,3777,564,9.1,57.9,5.7,25684,1321,3.1,100,,9530,872,5.6,37.1,2.8,7643,788,6.3,29.8,2.7,5698,686,7.3,22.2,2.4,2813,488,10.6,11.0,1.8,1633,374,13.9,100,,363,177,29.7,22.2,9.6,212,136,38.9,13.0,7.8,180,125,42.2,11.0,7.2,878,275,19.1,53.8,11.5,36419,1478,2.5,100,,21498,1236,3.5,59.0,2.4,7651,788,6.3,21.0,2.0,5300,663,7.6,14.6,1.7,1970,410,12.7,5.4,1.1
03805,177995,1664,0.6,100,,8419,839,6.1,4.7,0.5,13679,1055,4.7,7.7,0.6,22302,1319,3.6,12.5,0.7,133595,2111,1.0,75.1,1.0,148805,2014,0.8,100,,4402,612,8.5,3.0,0.4,10194,919,5.5,6.9,0.6,18069,1200,4.0,12.1,0.8,116140,2165,1.1,78.0,1.0,4724,634,8.2,100,,847,271,19.4,17.9,5.2,948,286,18.4,20.1,5.4,739,253,20.8,15.6,4.9,2190,434,12.0,46.4,6.8,11354,967,5.2,100,,913,281,18.7,8.0,2.4,710,248,21.2,6.3,2.1,991,293,18.0,8.7,2.5,8740,854,5.9,77.0,3.7,10503,932,5.4,100,,2031,418,12.5,19.3,3.6,1514,361,14.5,14.4,3.2,2000,415,12.6,19.0,3.6,4958,649,8.0,47.2,4.5
03806,156835,1627,0.6,100,,14871,1092,4.5,9.5,0.7,14839,1091,4.5,9.5,0.7,20639,1266,3.7,13.2,0.8,106486,2047,1.2,67.9,1.1,110834,2036,1.1,100,,3283,530,9.8,3.0,0.5,6700,750,6.8,6.0,0.7,12070,992,5.0,10.9,0.9,88781,2048,1.4,80.1,1.1,13121,1031,4.8,100,,3064,512,10.2,23.4,3.4,2509,464,11.2,19.1,3.2,3270,529,9.8,24.9,3.5,4278,603,8.6,32.6,3.8,8690,849,5.9,100,,374,180,29.3,4.3,2.0,633,234,22.5,7.3,2.6,938,285,18.5,10.8,3.1,6745,752,6.8,77.6,4.2,20631,1266,3.7,100,,7873,810,6.3,38.2,3.2,4471,616,8.4,21.7,2.7,3484,545,9.5,16.9,2.4,4803,638,8.1,23.3,2.7
03807,100807,1260,0.8,100,,10936,931,5.2,10.8,0.9,11465,950,5.0,11.4,0.9,16382,1111,4.1,16.3,1.1,62024,1635,1.6,61.5,1.4,68549,1625,1.4,100,,2934,499,10.3,4.3,0.7,6409,727,6.9,9.3,1.0,10486,913,5.3,15.3,1.3,48720,1599,2.0,71.1,1.6,5949,701,7.2,100,,1334,339,15.4,22.4,5.0,1236,326,16.0,20.8,4.9,1159,316,16.6,19.5,4.8,2220,435,11.9,37.3,5.8,8896,847,5.8,100,,964,288,18.2,10.8,3.1,649,237,22.2,7.3,2.6,1441,352,14.8,16.2,3.6,5842,695,7.2,65.7,4.7,14268,1047,4.5,100,,5325,665,7.6,37.3,3.8,2618,472,11.0,18.3,3.0,2682,477,10.8,18.8,3.0,3643,554,9.2,25.5,3.4
03808,119851,1332,0.7,100,,5393,672,7.6,4.5,0.6,11077,943,5.2,9.2,0.8,20058,1225,3.7,16.7,1.0,83323,1751,1.3,69.5,1.2,93072,1696,1.1,100,,2221,436,11.9,2.4,0.5,7357,779,6.4,7.9,0.8,15498,1096,4.3,16.7,1.1,67996,1769,1.6,73.1,1.4,4429,611,8.4,100,,697,246,21.4,15.7,5.1,623,232,22.7,14.1,4.9,1098,308,17.0,24.8,6.0,2011,415,12.5,45.4,7.0,12042,979,4.9,100,,790,261,20.1,6.6,2.1,956,287,18.3,7.9,2.3,1203,322,16.3,10.0,2.5,9093,860,5.8,75.5,3.7,7756,799,6.3,100,,1590,370,14.1,20.5,4.3,1473,356,14.7,19.0,4.2,1772,390,13.4,22.8,4.4,2921,499,10.4,37.7,5.1
03809,118881,1732,0.9,100,,50488,1751,2.1,42.5,1.3,19227,1216,3.8,16.2,1.0,17233,1159,4.1,14.5,1.0,31933,1499,2.9,26.9,1.2,38298,1602,2.5,100,,4028,584,8.8,10.5,1.5,5351,671,7.6,14.0,1.7,6818,754,6.7,17.8,1.8,22101,1291,3.6,57.7,2.4,8583,841,6.0,100,,3205,523,9.9,37.3,4.9,1873,401,13.0,21.8,4.2,2256,440,11.8,26.3,4.4,1249,328,16.0,14.6,3.5,39425,1618,2.5,100,,25244,1365,3.3,64.0,2.3,6025,710,7.2,15.3,1.7,2914,499,10.4,7.4,1.2,5242,664,7.7,13.3,1.6,29765,1458,3.0,100,,17088,1155,4.1,57.4,2.7,5654,689,7.4,19.0,2.1,4725,632,8.1,15.9,2.0,2298,444,11.7,7.7,1.4
03810,98075,1364,0.8,100,,8501,830,5.9,8.7,0.8,7984,806,6.1,8.1,0.8,12767,998,4.8,13.0,1.0,68823,1643,1.5,70.2,1.4,74160,1623,1.3,100,,2029,416,12.5,2.7,0.6,5360,668,7.6,7.2,0.9,9555,876,5.6,12.9,1.1,57216,1644,1.7,77.2,1.4,2680,477,10.8,100,,194,130,40.7,7.2,4.7,318,166,31.7,11.9,5.8,541,216,24.3,20.2,7.2,1627,374,14.0,60.7,8.8,13702,1030,4.6,100,,4816,634,8.0,35.1,3.8,1326,338,15.5,9.7,2.4,1403,347,15.0,10.2,2.4,6157,713,7.0,44.9,4.0,4866,638,8.0,100,,971,289,18.1,20.0,5.3,756,256,20.5,15.5,4.8,835,268,19.5,17.2,5.0,2304,443,11.7,47.3,6.7
03901,104037,1730,1.0,100,,13668,1041,4.6,13.1,1.0,38114,1581,2.5,36.6,1.4,28802,1428,3.0,27.7,1.3,23453,1316,3.4,22.5,1.2,93108,1802,1.2,100,,11306,954,5.1,12.1,1.0,35332,1540,2.7,37.9,1.5,25746,1366,3.2,27.7,1.4,20724,1249,3.7,22.3,1.3,1174,318,16.5,100,,591,226,23.3,50.3,13.6,228,141,37.5,19.4,10.8,190,128,41.1,16.2,10.0,165,120,44.1,14.1,9.5,2870,495,10.5,100,,306,163,32.4,10.7,5.4,470,202,26.1,16.4,6.4,500,208,25.3,17.4,6.6,1594,370,14.1,55.5,8.6,6043,710,7.1,100,,1281,332,15.8,21.2,4.9,1812,394,13.2,30.0,5.5,2075,422,12.4,34.3,5.7,875,275,19.1,14.5,4.2
03902,89708,1571,1.1,100,,17285,1142,4.0,19.3,1.2,29642,1412,2.9,33.0,1.5,20467,1225,3.6,22.8,1.3,22314,1269,3.5,24.9,1.3,71125,1683,1.4,100,,13645,1031,4.6,19.2,1.4,25011,1326,3.2,35.2,1.7,16012,1105,4.2,22.5,1.5,16457,1118,4.1,23.1,1.5,2081,422,12.3,100,,381,182,29.0,18.3,7.9,598,227,23.1,28.7,9.2,717,249,21.1,34.5,9.7,385,183,28.8,18.5,7.9,7942,805,6.2,100,,1050,301,17.4,13.2,3.5,1065,303,17.3,13.4,3.6,1546,364,14.3,19.5,4.1,4281,600,8.5,53.9,5.2,7194,769,6.5,100,,1920,405,12.8,26.7,4.9,2413,454,11.4,33.5,5.2,1814,394,13.2,25.2,4.8,1047,300,17.4,14.6,3.9
03903,103557,1805,1.1,100,,21724,1279,3.6,21.0,1.2,31245,1481,2.9,30.2,1.3,26039,1378,3.2,25.1,1.3,24549,1346,3.3,23.7,1.2,59880,1812,1.8,100,,10226,912,5.4,17.1,1.4,20095,1237,3.7,33.6,1.8,14345,1066,4.5,24.0,1.6,15214,1095,4.4,25.4,1.7,19371,1217,3.8,100,,4196,596,8.6,21.7,2.8,5043,652,7.9,26.0,2.9,6041,711,7.2,31.2,3.1,4091,589,8.7,21.1,2.7,5697,691,7.4,100,,1223,325,16.1,21.5,5.1,1002,294,17.8,17.6,4.7,767,258,20.4,13.5,4.2,2705,481,10.8,47.5,6.2,15255,1096,4.4,100,,5368,672,7.6,35.2,3.6,4260,600,8.6,27.9,3.4,3929,577,8.9,25.8,3.3,1698,382,13.7,11.1,2.4
04001,85727,1723,1.2,100,,35121,1516,2.6,41.0,1.6,21578,1261,3.6,25.2,1.4,13287,1023,4.7,15.5,1.2,15741,1103,4.3,18.4,1.2,44647,1632,2.2,100,,14626,1068,4.4,32.8,2.1,12415,992,4.9,27.8,2.0,6551,737,6.8,14.7,1.6,11055,941,5.2,24.8,1.9,3989,580,8.8,100,,1255,329,15.9,31.5,6.9,801,263,20.0,20.1,5.9,1283,332,15.7,32.2,6.9,650,237,22.2,16.3,5.5,4395,608,8.4,100,,1841,397,13.1,41.9,6.9,730,251,20.9,16.6,5.2,662,239,22.0,15.1,5.0,1162,316,16.6,26.4,6.2,28693,1411,3.0,100,,15673,1101,4.3,54.6,2.7,6481,733,6.9,22.6,2.3,4533,618,8.3,15.8,2.0,2006,415,12.6,7.0,1.4
04002,63064,1585,1.5,100,,32626,1428,2.7,51.7,1.9,15419,1078,4.3,24.4,1.6,10115,896,5.4,16.0,1.4,4904,639,7.9,7.8,1.0,2141,427,12.1,100,,764,257,20.4,35.7,9.7,470,202,26.1,22.0,8.3,304,162,32.5,14.2,7.0,603,228,23.0,28.2,9.1,15440,1079,4.2,100,,5754,689,7.3,37.3,3.6,5574,679,7.4,36.1,3.6,3145,516,10.0,20.4,3.0,967,289,18.1,6.3,1.8,2700,479,10.8,100,,1157,315,16.6,42.9,8.9,390,184,28.6,14.4,6.3,359,176,29.9,13.3,6.1,794,262,20.0,29.4,8.2,40877,1518,2.3,100,,24359,1294,3.2,59.6,2.3,8366,821,6.0,20.5,1.9,5781,691,7.3,14.1,1.6,2371,449,11.5,5.8,1.1
04003,68870,1606,1.4,100,,26241,1336,3.1,38.1,1.7,20725,1222,3.6,30.1,1.6,14819,1063,4.4,21.5,1.5,7085,761,6.5,10.3,1.1,1252,328,15.9,100,,412,189,27.9,32.9,12.4,308,163,32.2,24.6,11.3,271,153,34.4,21.6,10.8,261,150,35.0,20.8,10.7,53454,1611,1.8,100,,18257,1161,3.9,34.2,1.9,16892,1124,4.0,31.6,1.9,12276,979,4.8,23.0,1.7,6029,706,7.1,11.3,1.3,439,195,27.0,100,,121,102,51.5,27.6,19.9,145,112,47.0,33.0,20.9,158,117,45.1,36.0,21.4,15,36,146.3,3.4,8.1,11890,965,4.9,100,,6979,756,6.6,58.7,4.2,2701,479,10.8,22.7,3.6,1697,381,13.7,14.3,3.0,513,211,25.0,4.3,1.7
04004,79118,1437,1.1,100,,16793,1115,4.0,21.2,1.4,13784,1026,4.5,17.4,1.3,14353,1043,4.4,18.1,1.3,34188,1440,2.6,43.2,1.6,29133,1371,2.9,100,,1658,377,13.8,5.7,1.3,2465,458,11.3,8.5,1.5,3622,552,9.3,12.4,1.8,21388,1228,3.5,73.4,2.4,30369,1389,2.8,100,,7108,761,6.5,23.4,2.3,7598,785,6.3,25.0,2.3,7220,766,6.5,23.8,2.3,8443,824,5.9,27.8,2.4,3156,516,9.9,100,,614,230,22.8,19.5,6.6,139,110,48.0,4.4,3.4,489,206,25.6,15.5,6.0,1914,404,12.8,60.6,8.1,13495,1016,4.6,100,,6639,737,6.7,49.2,4.0,2930,498,10.3,21.7,3.3,2295,442,11.7,17.0,3.0,1631,374,13.9,12.1,2.6
04005,79230,1361,1.0,100,,13978,1029,4.5,17.6,1.3,11141,932,5.1,14.1,1.2,12544,982,4.8,15.8,1.2,41567,1492,2.2,52.5,1.7,47814,1524,1.9,100,,3956,575,8.8,8.3,1.2,5936,698,7.2,12.4,1.4,5696,685,7.3,11.9,1.4,32226,1403,2.6,67.4,2.0,8438,822,5.9,100,,2302,442,11.7,27.3,4.5,1409,348,15.0,16.7,3.8,2026,416,12.5,24.0,4.3,2701,478,10.8,32.0,4.7,3526,544,9.4,100,,472,202,26.0,13.4,5.3,355,175,30.0,10.1,4.7,449,197,26.7,12.7,5.2,2250,438,11.8,63.8,7.5,16239,1095,4.1,100,,6797,744,6.7,41.9,3.6,3051,508,10.1,18.8,2.9,3433,537,9.5,21.1,3.0,2958,500,10.3,18.2,2.8
04006,74464,1569,1.3,100,,24031,1292,3.3,32.3,1.6,20667,1219,3.6,27.8,1.5,16176,1103,4.1,21.7,1.4,13590,1023,4.6,18.3,1.3,6283,719,7.0,100,,664,240,21.9,10.6,3.6,319,166,31.7,5.1,2.6,1208,322,16.2,19.2,4.6,4092,586,8.7,65.1,5.6,58101,1615,1.7,100,,18935,1177,3.8,32.6,1.8,18247,1160,3.9,31.4,1.8,13247,1012,4.6,22.8,1.6,7672,790,6.3,13.2,1.3,1451,353,14.8,100,,343,172,30.6,23.6,10.4,189,128,41.2,13.0,8.2,225,140,37.7,15.5,8.9,694,245,21.4,47.8,12.2,6492,730,6.8,100,,3181,519,9.9,49.0,5.8,1412,348,15.0,21.7,4.8,1110,309,16.9,17.1,4.4,789,261,20.1,12.2,3.8
04007,60188,1573,1.6,100,,24523,1294,3.2,40.7,1.9,18664,1165,3.8,31.0,1.8,12008,966,4.9,20.0,1.5,4993,644,7.8,8.3,1.0,442,196,26.9,100,,142,111,47.5,32.1,20.7,234,142,37.0,52.9,22.1,31,52,101.8,7.0,11.3,35,55,95.8,7.9,12.0,46041,1545,2.0,100,,17074,1123,4.0,37.1,2.1,14623,1053,4.4,31.8,2.0,10314,903,5.3,22.4,1.8,4030,581,8.8,8.8,1.2,342,172,30.6,100,,73,80,66.3,21.3,20.7,86,86,61.1,25.1,21.9,19,41,130.0,5.6,11.5,164,119,44.2,48.0,25.2,11787,958,4.9,100,,6540,732,6.8,55.5,4.3,3201,520,9.9,27.2,3.8,1428,350,14.9,12.1,2.8,618,231,22.7,5.2,1.9
04008,80954,1750,1.3,100,,32616,1480,2.8,40.3,1.6,23164,1299,3.4,28.6,1.5,16831,1136,4.1,20.8,1.3,8343,826,6.0,10.3,1.0,6407,729,6.9,100,,2147,429,12.1,33.5,5.5,1731,385,13.5,27.0,5.2,1115,310,16.9,17.4,4.4,1414,349,15.0,22.1,4.8,36979,1544,2.5,100,,11672,965,5.0,31.6,2.3,11648,964,5.0,31.5,2.3,9588,882,5.6,25.9,2.1,4071,586,8.8,11.0,1.5,3139,517,10.0,100,,1368,343,15.2,43.6,8.2,711,248,21.2,22.7,7.0,523,213,24.7,16.7,6.2,537,216,24.4,17.1,6.3,29707,1431,2.9,100,,15789,1105,4.3,53.1,2.7,7448,783,6.4,25.1,2.3,4734,631,8.1,15.9,2.0,1736,386,13.5,5.8,1.3
04009,122522,1948,1.0,100,,26416,1406,3.2,21.6,1.1,34929,1574,2.7,28.5,1.2,33413,1547,2.8,27.3,1.2,27764,1435,3.1,22.7,1.1,49528,1784,2.2,100,,8467,838,6.0,17.1,1.6,16776,1153,4.2,33.9,2.0,12000,988,5.0,24.2,1.8,12285,999,4.9,24.8,1.8,56439,1858,2.0,100,,11993,988,5.0,21.2,1.6,14646,1084,4.5,26.0,1.7,17688,1181,4.1,31.3,1.8,12112,993,5.0,21.5,1.6,4381,610,8.5,100,,1414,349,15.0,32.3,6.6,597,227,23.2,13.6,4.8,794,262,20.1,18.1,5.4,1576,369,14.2,36.0,6.8,8842,856,5.9,100,,3651,558,9.3,41.3,4.9,2107,426,12.3,23.8,4.2,2047,419,12.5,23.2,4.2,1037,299,17.5,11.7,3.2
04010,90949,1732,1.2,100,,27177,1387,3.1,29.9,1.4,26129,1366,3.2,28.7,1.4,23526,1310,3.4,25.9,1.4,14117,1053,4.5,15.5,1.1,2057,420,12.4,100,,329,169,31.2,16.0,7.5,875,275,19.1,42.5,10.2,353,175,30.1,17.2,7.7,500,208,25.3,24.3,8.8,79559,1778,1.4,100,,23205,1303,3.4,29.2,1.5,22926,1296,3.4,28.8,1.5,21230,1256,3.6,26.7,1.5,12198,986,4.9,15.3,1.2,1401,347,15.1,100,,608,229,22.9,43.4,12.3,120,102,51.7,8.6,7.0,207,134,39.4,14.8,8.8,466,201,26.2,33.3,11.7,4896,641,8.0,100,,2267,440,11.8,46.3,6.6,1162,316,16.6,23.7,5.7,951,287,18.3,19.4,5.3,516,211,24.9,10.5,4.1
04011,70625,1528,1.3,100,,20390,1206,3.6,28.9,1.6,21790,1238,3.5,30.9,1.6,18224,1153,3.8,25.8,1.5,10221,899,5.3,14.5,1.2,4537,615,8.2,100,,460,200,26.4,10.1,4.2,1203,322,16.3,26.5,6.1,1277,331,15.8,28.1,6.2,1597,370,14.1,35.2,6.6,57344,1574,1.7,100,,16794,1115,4.0,29.3,1.8,18086,1150,3.9,31.5,1.8,14837,1059,4.3,25.9,1.7,7627,786,6.3,13.3,1.3,420,191,27.6,100,,90,88,59.7,21.4,18.7,79,83,63.7,18.8,17.8,69,77,68.2,16.4,16.9,182,126,42.0,43.3,22.5,5918,698,7.2,100,,2324,445,11.6,39.3,5.9,1710,383,13.6,28.9,5.5,1460,354,14.7,24.7,5.2,424,192,27.5,7.2,3.1
04012,85377,1665,1.2,100,,38886,1554,2.4,45.5,1.6,19232,1198,3.8,22.5,1.3,13875,1041,4.6,16.3,1.2,13384,1024,4.7,15.7,1.2,23432,1298,3.4,100,,5834,697,7.3,24.9,2.6,5692,688,7.4,24.3,2.6,4530,617,8.3,19.3,2.4,7376,779,6.4,31.5,2.8,2904,497,10.4,100,,682,243,21.6,23.5,7.3,642,236,22.3,22.1,7.2,768,258,20.4,26.4,7.6,812,265,19.8,28.0,7.8,19767,1212,3.7,100,,11944,973,5.0,60.4,3.2,3567,549,9.4,18.0,2.5,2009,415,12.5,10.2,2.0,2247,438,11.9,11.4,2.1,35846,1515,2.6,100,,19127,1195,3.8,53.4,2.5,8276,822,6.0,23.1,2.1,6012,707,7.1,16.8,1.8,2431,455,11.4,6.8,1.2
04013,90054,1440,1.0,100,,18821,1176,3.8,20.9,1.3,24249,1300,3.3,26.9,1.4,18096,1158,3.9,20.1,1.2,28888,1385,2.9,32.1,1.4,65736,1627,1.5,100,,11944,968,4.9,18.2,1.4,18964,1180,3.8,28.8,1.6,13355,1017,4.6,20.3,1.5,21473,1240,3.5,32.7,1.7,1070,304,17.2,100,,149,114,46.4,13.9,9.9,156,116,45.3,14.6,10.1,402,187,28.2,37.6,13.8,363,177,29.7,33.9,13.5,11013,933,5.2,100,,3566,548,9.4,32.4,4.2,2196,433,12.0,19.9,3.5,1418,349,15.0,12.9,3.0,3833,568,9.0,34.8,4.2,7413,778,6.4,100,,1862,399,13.0,25.1,4.7,1830,396,13.1,24.7,4.7,2207,434,12.0,29.8,5.0,1514,360,14.5,20.4,4.4
04014,91725,1849,1.2,100,,28163,1421,3.1,30.7,1.4,26592,1389,3.2,29.0,1.4,17245,1157,4.1,18.8,1.2,19725,1226,3.8,21.5,1.3,63454,1826,1.7,100,,16943,1148,4.1,26.7,1.6,20061,1235,3.7,31.6,1.7,12149,988,4.9,19.1,1.5,14301,1064,4.5,22.5,1.5,3254,526,9.8,100,,517,212,24.9,15.9,6.0,699,246,21.4,21.5,6.7,1065,303,17.3,32.7,7.7,973,290,18.1,29.9,7.5,11366,958,5.1,100,,4753,633,8.1,41.8,4.3,2295,443,11.7,20.2,3.5,1758,389,13.4,15.5,3.2,2560,468,11.1,22.5,3.7,10064,905,5.5,100,,4636,625,8.2,46.1,4.6,2325,446,11.7,23.1,3.9,1777,391,13.4,17.7,3.5,1326,338,15.5,13.2,3.1
04015,100517,1835,1.1,100,,27839,1417,3.1,27.7,1.3,25783,1374,3.2,25.7,1.3,22323,1294,3.5,22.2,1.2,24572,1347,3.3,24.4,1.3,40408,1626,2.4,100,,6682,746,6.8,16.5,1.7,8732,847,5.9,21.6,1.9,9135,866,5.8,22.6,1.9,15859,1116,4.3,39.2,2.3,36168,1565,2.6,100,,11116,949,5.2,30.7,2.3,10942,942,5.2,30.3,2.3,9150,866,5.8,25.3,2.1,4960,646,7.9,13.7,1.7,7965,811,6.2,100,,3495,545,9.5,43.9,5.2,1910,405,12.9,24.0,4.5,954,287,18.3,12.0,3.4,1606,372,14.1,20.2,4.2,11517,965,5.1,100,,5327,669,7.6,46.3,4.3,2797,489,10.6,24.3,3.7,2293,443,11.8,19.9,3.5,1100,308,17.0,9.6,2.6
04016,104121,1676,1.0,100,,22700,1295,3.5,21.8,1.2,29605,1438,3.0,28.4,1.3,21563,1267,3.6,20.7,1.2,30253,1450,2.9,29.1,1.3,81441,1805,1.3,100,,13893,1047,4.6,17.1,1.2,24046,1325,3.4,29.5,1.5,17641,1163,4.0,21.7,1.3,25861,1365,3.2,31.8,1.5,2544,466,11.1,100,,792,262,20.1,31.1,8.6,773,259,20.3,30.4,8.5,628,233,22.6,24.7,8.0,351,174,30.2,13.8,6.4,12428,995,4.9,100,,4974,646,7.9,40.0,4.1,2964,502,10.3,23.8,3.6,1486,358,14.6,12.0,2.7,3004,506,10.2,24.2,3.6,5611,685,7.4,100,,2442,457,11.4,43.5,6.2,1165,317,16.5,20.8,5.0,1327,338,15.5,23.6,5.3,677,242,21.7,12.1,4.1
04017,120956,1759,0.9,100,,39034,1618,2.5,32.3,1.3,36205,1575,2.6,29.9,1.2,20956,1264,3.7,17.3,1.0,24761,1357,3.3,20.5,1.1,83500,1929,1.4,100,,22674,1307,3.5,27.2,1.4,26774,1401,3.2,32.1,1.5,15283,1100,4.4,18.3,1.2,18769,1205,3.9,22.5,1.3,463,200,26.3,100,,83,85,62.2,17.9,16.6,163,119,44.4,35.2,20.7,106,96,55.0,22.9,18.2,111,98,53.8,24.0,18.5,26211,1389,3.2,100,,12578,1006,4.9,48.0,2.9,5817,699,7.3,22.2,2.4,3281,529,9.8,12.5,1.9,4535,619,8.3,17.3,2.2,7716,800,6.3,100,,2898,498,10.4,37.6,5.1,2554,468,11.1,33.1,5.0,1581,369,14.2,20.5,4.3,683,243,21.6,8.9,3.0
04018,79913,1478,1.1,100,,23283,1272,3.3,29.1,1.5,21940,1244,3.4,27.5,1.5,16130,1099,4.1,20.2,1.3,18560,1164,3.8,23.2,1.4,53509,1586,1.8,100,,11905,964,4.9,22.2,1.7,14683,1056,4.4,27.4,1.8,11296,941,5.1,21.1,1.6,15625,1084,4.2,29.2,1.8,8858,843,5.8,100,,3101,512,10.0,35.0,4.7,2605,470,11.0,29.4,4.5,2275,440,11.8,25.7,4.3,877,275,19.1,9.9,3.0,5832,694,7.2,100,,2450,457,11.3,42.0,6.0,1441,352,14.8,24.7,5.3,827,267,19.6,14.2,4.3,1114,310,16.9,19.1,4.8,9373,865,5.6,100,,5304,663,7.6,56.6,4.8,2422,454,11.4,25.8,4.2,1224,324,16.1,13.1,3.2,423,191,27.5,4.5,2.0
04101,131336,1877,0.9,100,,39448,1648,2.5,30.0,1.2,34446,1565,2.8,26.2,1.1,24897,1371,3.3,19.0,1.0,32545,1531,2.9,24.8,1.1,65732,1933,1.8,100,,16138,1133,4.3,24.6,1.6,17656,1180,4.1,26.9,1.6,11910,985,5.0,18.1,1.4,20028,1248,3.8,30.5,1.7,7293,781,6.5,100,,2462,460,11.3,33.8,5.2,2297,444,11.8,31.5,5.1,1738,387,13.5,23.8,4.7,796,262,20.0,10.9,3.4,16156,1133,4.3,100,,4892,644,8.0,30.3,3.4,2925,500,10.4,18.1,2.8,2618,474,11.0,16.2,2.7,5721,694,7.4,35.4,3.5,31830,1517,2.9,100,,13152,1031,4.8,41.3,2.6,8446,837,6.0,26.5,2.3,6377,732,7.0,20.0,2.1,3855,573,9.0,12.1,1.7
04102,112576,1874,1.0,100,,40144,1640,2.5,35.7,1.3,28965,1450,3.0,25.7,1.2,23750,1336,3.4,21.1,1.1,19717,1233,3.8,17.5,1.1,20168,1245,3.8,100,,4194,596,8.6,20.8,2.7,5803,698,7.3,28.8,3.0,4483,616,8.4,22.2,2.7,5688,692,7.4,28.2,3.0,11534,968,5.1,100,,3054,511,10.2,26.5,3.8,3000,506,10.3,26.0,3.8,3580,552,9.4,31.0,4.0,1900,404,12.9,16.5,3.2,15970,1123,4.3,100,,3914,577,9.0,24.5,3.2,3173,520,10.0,19.9,2.9,3012,507,10.2,18.9,2.9,5871,702,7.3,36.8,3.6,61774,1865,1.8,100,,28155,1433,3.1,45.6,1.9,15976,1123,4.3,25.9,1.6,11998,986,5.0,19.4,1.5,5645,689,7.4,9.1,1.1
04103,177862,2060,0.7,100,,42915,1754,2.5,24.1,0.9,46954,1816,2.4,26.4,1.0,38846,1685,2.6,21.8,0.9,49147,1848,2.3,27.6,1.0,79819,2163,1.6,100,,15374,1119,4.4,19.3,1.3,24442,1383,3.4,30.6,1.5,18709,1225,4.0,23.4,1.4,21294,1300,3.7,26.7,1.5,5119,660,7.8,100,,1027,298,17.6,20.1,5.2,1490,359,14.6,29.1,5.9,1666,379,13.8,32.5,6.1,936,285,18.5,18.3,5.0,62301,2010,2.0,100,,16490,1156,4.3,26.5,1.6,13471,1052,4.7,21.6,1.5,10804,947,5.3,17.3,1.4,21536,1306,3.7,34.6,1.8,25803,1416,3.3,100,,8585,848,6.0,33.3,2.7,6730,754,6.8,26.1,2.5,6671,751,6.8,25.9,2.5,3817,571,9.1,14.8,2.1
04104,83718,1394,1.0,100,,12343,978,4.8,14.7,1.1,20580,1211,3.6,24.6,1.4,19156,1177,3.7,22.9,1.4,31639,1410,2.7,37.8,1.6,53563,1572,1.8,100,,7091,760,6.5,13.2,1.4,14586,1051,4.4,27.2,1.8,12343,978,4.8,23.0,1.7,19543,1186,3.7,36.5,1.9,1477,356,14.6,100,,251,148,35.7,17.0,9.1,487,205,25.6,33.0,11.4,330,169,31.1,22.3,10.1,409,188,28.0,27.7,10.9,19891,1195,3.7,100,,3139,515,10.0,15.8,2.4,3224,522,9.8,16.2,2.4,3930,574,8.9,19.8,2.6,9598,874,5.5,48.3,3.3,6553,733,6.8,100,,1293,333,15.7,19.7,4.6,1683,380,13.7,25.7,5.0,1998,413,12.6,30.5,5.3,1579,368,14.2,24.1,4.9
04105,127372,1933,0.9,100,,24427,1361,3.4,19.2,1.0,36174,1597,2.7,28.4,1.2,35999,1594,2.7,28.3,1.2,30772,1499,3.0,24.2,1.1,28784,1458,3.1,100,,4551,621,8.3,15.8,2.0,10386,924,5.4,36.1,2.6,6623,745,6.8,23.0,2.3,7224,777,6.5,25.1,2.4,67842,1953,1.8,100,,12385,1003,4.9,18.3,1.4,18459,1204,4.0,27.2,1.6,22190,1306,3.6,32.7,1.7,14808,1090,4.5,21.8,1.5,12390,1004,4.9,100,,2695,481,10.8,21.8,3.5,1825,396,13.2,14.7,3.0,2612,473,11.0,21.1,3.4,5258,667,7.7,42.4,4.1,12006,989,5.0,100,,3243,526,9.9,27.0,3.8,3192,522,9.9,26.6,3.8,3122,517,10.1,26.0,3.7,2449,458,11.4,20.4,3.4
04106,103396,1678,1.0,100,,17201,1151,4.1,16.6,1.1,24688,1339,3.3,23.9,1.2,24411,1333,3.3,23.6,1.2,37096,1559,2.6,35.9,1.4,43301,1637,2.3,100,,5453,676,7.5,12.6,1.5,11475,960,5.1,26.5,2.0,9816,893,5.5,22.7,1.9,16557,1132,4.2,38.2,2.2,14016,1051,4.6,100,,2073,421,12.4,14.8,2.8,2952,501,10.3,21.1,3.2,4863,639,8.0,34.7,3.7,4128,591,8.7,29.5,3.6,24051,1325,3.3,100,,4045,585,8.8,16.8,2.2,4297,602,8.5,17.9,2.3,4240,598,8.6,17.6,2.3,11469,959,5.1,47.7,3.0,16243,1122,4.2,100,,4339,605,8.5,26.7,3.2,4449,612,8.4,27.4,3.3,4108,589,8.7,25.3,3.2,3347,533,9.7,20.6,3.0
04107,92801,1679,1.1,100,,31108,1454,2.8,33.5,1.4,24896,1336,3.3,26.8,1.4,18921,1194,3.8,20.4,1.2,17876,1166,4.0,19.3,1.2,11946,975,5.0,100,,2735,483,10.7,22.9,3.6,4168,593,8.6,34.9,4.1,2450,457,11.3,20.5,3.4,2593,470,11.0,21.7,3.5,7886,805,6.2,100,,1313,336,15.6,16.6,3.9,1917,405,12.9,24.3,4.5,2978,503,10.3,37.8,5.1,1678,380,13.8,21.3,4.3,28278,1404,3.0,100,,8601,838,5.9,30.4,2.6,6147,715,7.1,21.7,2.3,4746,631,8.1,16.8,2.1,8784,846,5.9,31.1,2.6,41913,1604,2.3,100,,18055,1171,3.9,43.1,2.3,11928,975,5.0,28.5,2.1,7875,804,6.2,18.8,1.8,4055,585,8.8,9.7,1.3
04108,86691,1314,0.9,100,,11608,951,5.0,13.4,1.1,17129,1123,4.0,19.8,1.3,18472,1158,3.8,21.3,1.3,39482,1492,2.3,45.5,1.6,55601,1563,1.7,100,,6873,749,6.6,12.4,1.3,11671,953,5.0,21.0,1.6,11643,952,5.0,20.9,1.6,25414,1307,3.1,45.7,2.0,1979,411,12.6,100,,181,125,42.1,9.1,6.0,459,199,26.4,23.2,8.8,469,201,26.1,23.7,8.9,870,274,19.1,44.0,10.4,17271,1127,4.0,100,,2386,450,11.5,13.8,2.4,2259,439,11.8,13.1,2.4,2910,496,10.4,16.8,2.7,9716,878,5.5,56.3,3.5,9187,856,5.7,100,,1685,380,13.7,18.3,3.8,2194,432,12.0,23.9,4.1,2948,499,10.3,32.1,4.5,2360,448,11.5,25.7,4.2
04109,96264,1553,1.0,100,,25102,1333,3.2,26.1,1.3,26498,1361,3.1,27.5,1.3,20467,1229,3.6,21.3,1.2,24197,1314,3.3,25.1,1.3,31663,1452,2.8,100,,5903,700,7.2,18.6,2.0,9299,867,5.7,29.4,2.4,7089,764,6.6,22.4,2.2,9372,871,5.6,29.6,2.4,2217,435,11.9,100,,695,245,21.4,31.3,9.2,436,194,27.1,19.7,7.9,615,231,22.8,27.7,8.9,471,202,26.1,21.2,8.1,28112,1391,3.0,100,,6994,759,6.6,24.9,2.4,6299,722,7.0,22.4,2.3,5472,675,7.5,19.5,2.2,9347,870,5.7,33.2,2.6,30136,1427,2.9,100,,10875,932,5.2,36.1,2.6,8938,852,5.8,29.7,2.5,6358,726,6.9,21.1,2.2,3965,578,8.9,13.2,1.8
04110,114791,1776,0.9,100,,33505,1527,2.8,29.2,1.3,39035,1613,2.5,34.0,1.3,24001,1337,3.4,20.9,1.1,18250,1189,4.0,15.9,1.0,78079,1905,1.5,100,,20486,1250,3.7,26.2,1.5,28794,1440,3.0,36.9,1.6,15657,1111,4.3,20.1,1.3,13142,1026,4.7,16.8,1.2,1006,295,17.8,100,,388,183,28.7,38.6,14.3,247,146,36.0,24.6,12.6,210,135,39.1,20.9,11.9,161,118,44.6,16.0,10.8,6892,758,6.7,100,,1919,406,12.9,27.8,5.0,1632,375,14.0,23.7,4.8,1217,324,16.2,17.7,4.3,2124,427,12.2,30.8,5.2,25820,1378,3.2,100,,9816,896,5.5,38.0,2.8,7455,787,6.4,28.9,2.6,6279,725,7.0,24.3,2.5,2270,441,11.8,8.8,1.6
04111,90472,1670,1.1,100,,25489,1346,3.2,28.2,1.4,27525,1386,3.1,30.4,1.4,19545,1209,3.8,21.6,1.3,17913,1165,4.0,19.8,1.2,30849,1446,2.8,100,,6389,728,6.9,20.7,2.2,9749,888,5.5,31.6,2.5,6306,723,7.0,20.4,2.1,8405,829,6.0,27.2,2.4,7111,766,6.5,100,,1871,401,13.0,26.3,4.9,2009,415,12.6,28.3,5.0,1992,413,12.6,28.0,5.0,1239,327,16.0,17.4,4.2,14406,1060,4.5,100,,4210,596,8.6,29.2,3.5,3761,564,9.1,26.1,3.4,2599,471,11.0,18.0,3.0,3836,569,9.0,26.6,3.4,27374,1383,3.1,100,,9100,860,5.7,33.2,2.7,8244,821,6.1,30.1,2.6,6780,749,6.7,24.8,2.4,3250,525,9.8,11.9,1.8
04112,136109,2108,0.9,100,,37747,1647,2.7,27.7,1.1,40752,1697,2.5,29.9,1.2,36685,1628,2.7,27.0,1.1,20925,1282,3.7,15.4,0.9,3722,564,9.2,100,,1213,324,16.2,32.6,7.2,1392,347,15.1,37.4,7.4,551,219,24.1,14.8,5.4,566,221,23.8,15.2,5.5,99576,2168,1.3,100,,24459,1374,3.4,24.6,1.3,30499,1510,3.0,30.6,1.4,29117,1481,3.1,29.2,1.3,15501,1119,4.4,15.6,1.1,6517,741,6.9,100,,1823,396,13.2,28.0,5.2,1231,326,16.1,18.9,4.5,1088,307,17.1,16.7,4.3,2375,452,11.6,36.4,5.6,17330,1177,4.1,100,,7963,816,6.2,45.9,3.5,4446,615,8.4,25.7,3.1,3707,563,9.2,21.4,2.9,1214,324,16.2,7.0,1.8
04113,84331,1601,1.2,100,,24595,1316,3.3,29.2,1.5,29965,1415,2.9,35.5,1.5,18440,1172,3.9,21.9,1.3,11331,948,5.1,13.4,1.1,33609,1471,2.7,100,,7883,802,6.2,23.5,2.2,13140,1013,4.7,39.1,2.5,7689,793,6.3,22.9,2.1,4897,640,7.9,14.6,1.8,12541,992,4.8,100,,3377,535,9.6,26.9,3.7,3998,580,8.8,31.9,3.9,3518,545,9.4,28.1,3.7,1648,376,13.9,13.1,2.8,11497,954,5.0,100,,4120,589,8.7,35.8,4.2,3571,549,9.4,31.1,4.0,1801,393,13.3,15.7,3.2,2005,414,12.6,17.4,3.3,13846,1037,4.6,100,,4681,626,8.1,33.8,3.7,4404,608,8.4,31.8,3.7,3571,549,9.4,25.8,3.5,1190,320,16.4,8.6,2.2
04114,64999,1452,1.4,100,,18350,1146,3.8,28.2,1.6,18962,1160,3.7,29.2,1.7,14357,1037,4.4,22.1,1.5,13330,1005,4.6,20.5,1.5,28906,1346,2.8,100,,5187,654,7.7,17.9,2.1,8619,829,5.8,29.8,2.5,6141,709,7.0,21.2,2.2,8959,843,5.7,31.0,2.5,23594,1258,3.2,100,,7773,790,6.2,32.9,2.9,7110,759,6.5,30.1,2.8,5980,700,7.1,25.3,2.6,2731,481,10.7,11.6,1.9,1209,322,16.2,100,,268,152,34.6,22.2,11.1,301,161,32.6,24.9,11.6,173,123,43.0,14.3,9.4,467,201,26.2,38.6,13.1,9143,851,5.7,100,,4454,609,8.3,48.7,4.9,2471,458,11.3,27.0,4.3,1390,345,15.1,15.2,3.5,828,267,19.6,9.1,2.8
