puma,access_carcommute_workers_0812,access_carcommute_workers_0812_moe,access_carcommute_workers_0812_cv,access_carcommute_workers_0812_pct,access_carcommute_workers_0812_pct_moe,access_carcommute_0812,access_carcommute_0812_moe,access_carcommute_0812_cv,access_carcommute_0812_pct,access_carcommute_0812_pct_moe,access_carcommute_workers_wnh_0812,access_carcommute_workers_wnh_0812_moe,access_carcommute_workers_wnh_0812_cv,access_carcommute_workers_wnh_0812_pct,access_carcommute_workers_wnh_0812_pct_moe,access_carcommute_wnh_0812,access_carcommute_wnh_0812_moe,access_carcommute_wnh_0812_cv,access_carcommute_wnh_0812_pct,access_carcommute_wnh_0812_pct_moe,access_carcommute_workers_bnh_0812,access_carcommute_workers_bnh_0812_moe,access_carcommute_workers_bnh_0812_cv,access_carcommute_workers_bnh_0812_pct,access_carcommute_workers_bnh_0812_pct_moe,access_carcommute_bnh_0812,access_carcommute_bnh_0812_moe,access_carcommute_bnh_0812_cv,access_carcommute_bnh_0812_pct,access_carcommute_bnh_0812_pct_moe,access_carcommute_workers_hsp_0812,access_carcommute_workers_hsp_0812_moe,access_carcommute_workers_hsp_0812_cv,access_carcommute_workers_hsp_0812_pct,access_carcommute_workers_hsp_0812_pct_moe,access_carcommute_hsp_0812,access_carcommute_hsp_0812_moe,access_carcommute_hsp_0812_cv,access_carcommute_hsp_0812_pct,access_carcommute_hsp_0812_pct_moe,access_carcommute_workers_anh_0812,access_carcommute_workers_anh_0812_moe,access_carcommute_workers_anh_0812_cv,access_carcommute_workers_anh_0812_pct,access_carcommute_workers_anh_0812_pct_moe,access_carcommute_anh_0812,access_carcommute_anh_0812_moe,access_carcommute_anh_0812_cv,access_carcommute_anh_0812_pct,access_carcommute_anh_0812_pct_moe,access_carcommute_workers_1519,access_carcommute_workers_1519_moe,access_carcommute_workers_1519_cv,access_carcommute_workers_1519_pct,access_carcommute_workers_1519_pct_moe,access_carcommute_1519,access_carcommute_1519_moe,access_carcommute_1519_cv,access_carcommute_1519_pct,access_carcommute_1519_pct_moe,access_carcommute_workers_wnh_1519,access_carcommute_workers_wnh_1519_moe,access_carcommute_workers_wnh_1519_cv,access_carcommute_workers_wnh_1519_pct,access_carcommute_workers_wnh_1519_pct_moe,access_carcommute_wnh_1519,access_carcommute_wnh_1519_moe,access_carcommute_wnh_1519_cv,access_carcommute_wnh_1519_pct,access_carcommute_wnh_1519_pct_moe,access_carcommute_workers_bnh_1519,access_carcommute_workers_bnh_1519_moe,access_carcommute_workers_bnh_1519_cv,access_carcommute_workers_bnh_1519_pct,access_carcommute_workers_bnh_1519_pct_moe,access_carcommute_bnh_1519,access_carcommute_bnh_1519_moe,access_carcommute_bnh_1519_cv,access_carcommute_bnh_1519_pct,access_carcommute_bnh_1519_pct_moe,access_carcommute_workers_hsp_1519,access_carcommute_workers_hsp_1519_moe,access_carcommute_workers_hsp_1519_cv,access_carcommute_workers_hsp_1519_pct,access_carcommute_workers_hsp_1519_pct_moe,access_carcommute_hsp_1519,access_carcommute_hsp_1519_moe,access_carcommute_hsp_1519_cv,access_carcommute_hsp_1519_pct,access_carcommute_hsp_1519_pct_moe,access_carcommute_workers_anh_1519,access_carcommute_workers_anh_1519_moe,access_carcommute_workers_anh_1519_cv,access_carcommute_workers_anh_1519_pct,access_carcommute_workers_anh_1519_pct_moe,access_carcommute_anh_1519,access_carcommute_anh_1519_moe,access_carcommute_anh_1519_cv,access_carcommute_anh_1519_pct,access_carcommute_anh_1519_pct_moe
03701,46581,1999,2.6,100,,15153,1495,6.0,32.5,2.9,16827,1129,4.1,100,,7428,970,7.9,44.1,4.9,6213,730,7.1,100,,1386,348,15.2,22.3,4.9,19949,1255,3.8,100,,4886,700,8.7,24.5,3.2,2705,450,10.1,100,,1166,323,16.8,43.1,9.5,49240,1702,2.1,100,,15312,1265,5.0,31.1,2.3,15827,911,3.5,100,,6192,706,6.9,39.1,3.9,5558,767,8.4,100,,1555,493,19.3,28.0,8.0,24261,1303,3.3,100,,6324,835,8.0,26.1,3.1,2394,409,10.4,100,,886,254,17.4,37.0,8.5
03702,60013,2008,2.0,100,,23349,1412,3.7,38.9,2.0,4284,623,8.8,100,,1846,369,12.2,43.1,5.9,42465,1569,2.2,100,,16698,1299,4.7,39.3,2.7,10519,1021,5.9,100,,3789,643,10.3,36.0,5.0,1269,461,22.1,100,,474,206,26.4,37.4,8.9,66070,2410,2.2,100,,27722,1754,3.8,42.0,2.2,4164,456,6.7,100,,2041,350,10.4,49.0,6.5,44625,1981,2.7,100,,18756,1335,4.3,42.0,2.3,13907,1183,5.2,100,,5651,840,9.0,40.6,4.9,1749,419,14.6,100,,719,307,26.0,41.1,14.6
03703,51304,1891,2.2,100,,26718,1691,3.8,52.1,2.7,18040,1187,4.0,100,,11499,1178,6.2,63.7,5.0,13868,1158,5.1,100,,5831,852,8.9,42.0,5.0,17639,1567,5.4,100,,8383,962,7.0,47.5,3.5,1207,384,19.4,100,,672,242,21.9,55.7,9.3,52798,2523,2.9,100,,24569,1693,4.2,46.5,2.3,12800,914,4.3,100,,7753,850,6.7,60.6,5.0,15330,1788,7.1,100,,4316,997,14.0,28.2,5.6,22120,1584,4.4,100,,11330,1436,7.7,51.2,5.4,1740,425,14.8,100,,837,296,21.5,48.1,12.3
03704,51743,1858,2.2,100,,20320,1328,4.0,39.3,2.1,12734,978,4.7,100,,5817,791,8.3,45.7,5.1,11833,931,4.8,100,,4418,672,9.2,37.3,4.9,21476,1201,3.4,100,,7751,796,6.2,36.1,3.1,4774,613,7.8,100,,2045,421,12.5,42.8,6.9,56211,1790,1.9,100,,19709,1457,4.5,35.1,2.3,10751,742,4.2,100,,4919,565,7.0,45.8,4.2,12545,1218,5.9,100,,4085,761,11.3,32.6,5.2,26384,1469,3.4,100,,8087,850,6.4,30.7,2.7,5358,592,6.7,100,,2216,398,10.9,41.4,5.9
03705,50179,1828,2.2,100,,10574,875,5.0,21.1,1.6,1915,342,10.9,100,,395,140,21.6,20.6,6.3,15615,1088,4.2,100,,2950,477,9.8,18.9,2.8,31482,1684,3.3,100,,7009,804,7.0,22.3,2.3,459,245,32.4,100,,72,52,43.8,15.7,7.6,60577,2355,2.4,100,,12573,1027,5.0,20.8,1.5,2180,474,13.2,100,,292,170,35.3,13.4,7.2,19456,1301,4.1,100,,3808,686,10.9,19.6,3.3,37798,1870,3.0,100,,8328,898,6.6,22.0,2.1,583,252,26.3,100,,76,75,59.7,13.0,11.5
03706,49260,2032,2.5,100,,8838,942,6.5,17.9,1.8,3782,578,9.3,100,,870,280,19.6,23.0,6.5,9423,1049,6.8,100,,1725,438,15.4,18.3,4.2,31711,1773,3.4,100,,5177,742,8.7,16.3,2.2,3170,571,11.0,100,,853,328,23.3,26.9,9.1,56654,2020,2.2,100,,9885,1221,7.5,17.4,2.1,3071,595,11.8,100,,659,241,22.2,21.5,6.7,8250,1030,7.6,100,,1331,416,19.0,16.1,4.6,41076,1968,2.9,100,,7248,1036,8.7,17.6,2.4,3174,544,10.4,100,,536,187,21.2,16.9,5.1
03707,47906,2148,2.7,100,,9487,1163,7.5,19.8,2.3,534,220,25.0,100,,118,102,52.5,22.1,16.8,13198,928,4.3,100,,2309,508,13.4,17.5,3.7,32770,2037,3.8,100,,6816,987,8.8,20.8,2.7,787,298,23.1,100,,124,128,63.0,15.8,15.2,53242,1763,2.0,100,,9721,1057,6.6,18.3,1.9,419,149,21.6,100,,92,64,42.1,22.0,13.1,13829,1036,4.6,100,,2158,484,13.6,15.6,3.3,37706,1688,2.7,100,,7066,870,7.5,18.7,2.1,741,242,19.9,100,,161,100,37.9,21.7,11.5
03708,52732,2295,2.6,100,,9901,1063,6.5,18.8,1.8,768,365,28.9,100,,133,138,62.9,17.3,15.9,18284,1330,4.4,100,,3380,662,11.9,18.5,3.4,32310,2227,4.2,100,,6102,882,8.8,18.9,2.4,879,335,23.1,100,,133,86,39.4,15.1,7.9,55970,2132,2.3,100,,8453,1064,7.7,15.1,1.8,1329,337,15.4,100,,140,95,41.2,10.5,6.6,16395,1204,4.5,100,,2020,473,14.2,12.3,2.7,36501,1808,3.0,100,,6028,951,9.6,16.5,2.5,975,354,22.1,100,,147,158,65.3,15.1,15.3
03709,71875,1943,1.6,100,,20990,1338,3.9,29.2,1.7,1457,308,12.8,100,,462,167,22.0,31.7,9.3,22185,1320,3.6,100,,6225,700,6.8,28.1,2.7,41124,1807,2.7,100,,12552,1245,6.0,30.5,2.7,4711,646,8.3,100,,908,267,17.9,19.3,5.0,74921,2048,1.7,100,,21633,1407,4.0,28.9,1.7,2046,448,13.3,100,,597,216,21.9,29.2,8.4,21615,1365,3.8,100,,4958,700,8.6,22.9,2.9,43168,1627,2.3,100,,13872,1117,4.9,32.1,2.3,6047,582,5.8,100,,1544,301,11.9,25.5,4.3
03710,46571,1873,2.4,100,,7446,909,7.4,16.0,1.8,995,304,18.5,100,,248,225,55.1,24.9,21.3,11149,1012,5.5,100,,1462,393,16.3,13.1,3.3,33631,1437,2.6,100,,5659,836,9.0,16.8,2.4,446,241,32.8,100,,63,86,82.8,14.1,17.7,53256,1965,2.2,100,,9313,924,6.0,17.5,1.6,1573,413,15.9,100,,142,112,47.8,9.0,6.7,13068,965,4.5,100,,2242,566,15.4,17.2,4.1,37653,1672,2.7,100,,6678,713,6.5,17.7,1.7,425,209,29.9,100,,67,81,73.3,15.8,17.3
03801,95593,2472,1.6,100,,14286,1470,6.3,14.9,1.5,20445,1104,3.3,100,,2407,492,12.4,11.8,2.3,9142,1003,6.7,100,,1420,348,14.9,15.5,3.4,61436,1953,1.9,100,,10012,1236,7.5,16.3,1.9,2948,532,11.0,100,,328,161,29.8,11.1,5.1,108670,3236,1.8,100,,12832,1561,7.4,11.8,1.4,26910,1316,3.0,100,,2430,536,13.4,9.0,1.9,8082,1137,8.6,100,,766,246,19.6,9.5,2.7,67524,2869,2.6,100,,9326,1290,8.4,13.8,1.8,4038,674,10.1,100,,219,137,38.1,5.4,3.3
03802,56250,2109,2.3,100,,5555,879,9.6,9.9,1.5,19055,1365,4.4,100,,1476,350,14.4,7.7,1.7,12666,1016,4.9,100,,1888,522,16.8,14.9,3.9,18576,1516,5.0,100,,1751,568,19.7,9.4,3.0,4213,694,10.0,100,,168,117,42.2,4.0,2.7,65560,2286,2.1,100,,4971,907,11.1,7.6,1.4,23125,1380,3.6,100,,1449,379,15.9,6.3,1.6,12006,1176,6.0,100,,1177,398,20.6,9.8,3.2,22968,1804,4.8,100,,1840,540,17.9,8.0,2.3,5535,821,9.0,100,,428,237,33.6,7.7,4.1
03803,51575,1982,2.3,100,,5519,763,8.4,10.7,1.4,9423,881,5.7,100,,584,254,26.4,6.2,2.6,29160,1551,3.2,100,,3267,542,10.1,11.2,1.8,9484,931,6.0,100,,1292,335,15.8,13.6,3.3,1922,374,11.8,100,,259,142,33.4,13.5,6.9,64413,2019,1.9,100,,6030,832,8.4,9.4,1.3,14158,918,3.9,100,,847,260,18.7,6.0,1.8,31262,1620,3.2,100,,3420,628,11.2,10.9,1.9,14341,1304,5.5,100,,1440,426,18.0,10.0,2.8,2775,421,9.2,100,,252,152,36.7,9.1,5.3
03804,46122,1960,2.6,100,,3987,747,11.4,8.6,1.6,9741,901,5.6,100,,1100,375,20.7,11.3,3.7,12293,947,4.7,100,,1122,320,17.4,9.1,2.5,19254,1401,4.4,100,,1413,384,16.5,7.3,1.9,3874,633,9.9,100,,341,256,45.6,8.8,6.4,49411,2086,2.6,100,,3970,924,14.2,8.0,1.8,10521,834,4.8,100,,757,287,23.0,7.2,2.7,13949,1414,6.2,100,,1256,458,22.2,9.0,3.2,19635,1427,4.4,100,,1599,580,22.1,8.1,2.9,4243,682,9.8,100,,282,154,33.2,6.6,3.5
03805,126147,3058,1.5,100,,11807,1039,5.3,9.4,0.8,101598,2503,1.5,100,,10247,986,5.8,10.1,0.9,2569,620,14.7,100,,241,155,39.2,9.4,5.6,7790,946,7.4,100,,614,283,28.0,7.9,3.5,12102,1265,6.4,100,,535,256,29.1,4.4,2.1,124017,3022,1.5,100,,13100,1526,7.1,10.6,1.2,93992,2606,1.7,100,,10545,1281,7.4,11.2,1.3,2324,733,19.2,100,,340,328,58.7,14.6,13.4,10899,1484,8.3,100,,1100,453,25.1,10.1,3.9,14117,1439,6.2,100,,677,306,27.5,4.8,2.1
03806,107341,2616,1.5,100,,7782,841,6.6,7.2,0.8,81270,2325,1.7,100,,6136,788,7.8,7.6,0.9,4174,713,10.4,100,,270,217,48.9,6.5,5.1,10789,1254,7.1,100,,602,245,24.8,5.6,2.2,9298,940,6.1,100,,544,211,23.6,5.9,2.2,107079,2676,1.5,100,,7702,1040,8.2,7.2,1.0,76791,2328,1.8,100,,6039,832,8.4,7.9,1.1,3407,814,14.5,100,,116,106,55.7,3.4,3.0,13368,1480,6.7,100,,855,417,29.7,6.4,3.0,11346,1213,6.5,100,,490,238,29.5,4.3,2.0
03807,88883,1833,1.3,100,,6117,758,7.5,6.9,0.8,60285,1662,1.7,100,,4335,682,9.6,7.2,1.1,3221,566,10.7,100,,159,119,45.4,4.9,3.6,10786,999,5.6,100,,822,320,23.7,7.6,2.9,12587,986,4.8,100,,688,287,25.4,5.5,2.2,104718,2505,1.5,100,,5206,796,9.3,5.0,0.8,66547,2220,2.0,100,,3550,757,13.0,5.3,1.1,4009,795,12.0,100,,163,103,38.5,4.1,2.4,12706,1494,7.1,100,,757,339,27.2,6.0,2.6,18676,1314,4.3,100,,717,259,22.0,3.8,1.4
03808,92078,2515,1.7,100,,6491,929,8.7,7.0,1.0,70417,2462,2.1,100,,4879,794,9.9,6.9,1.1,2434,631,15.8,100,,249,228,55.5,10.2,9.0,5895,906,9.3,100,,502,328,39.7,8.5,5.4,12039,1308,6.6,100,,745,304,24.8,6.2,2.4,95272,2874,1.8,100,,5149,924,10.9,5.4,1.0,68209,2436,2.2,100,,3544,713,12.2,5.2,1.0,3413,1243,22.1,100,,220,208,57.5,6.4,5.6,6423,1089,10.3,100,,379,231,37.0,5.9,3.4,15351,1628,6.4,100,,869,350,24.5,5.7,2.2
03809,78747,2358,1.8,100,,5287,792,9.1,6.7,1.0,35235,1510,2.6,100,,1651,413,15.2,4.7,1.2,3746,698,11.3,100,,331,196,36.0,8.8,5.0,13745,1054,4.7,100,,1001,377,22.9,7.3,2.7,24566,1293,3.2,100,,2196,506,14.0,8.9,2.0,72970,1780,1.5,100,,5382,917,10.4,7.4,1.2,34316,1428,2.5,100,,1687,436,15.7,4.9,1.3,3592,872,14.8,100,,303,188,37.7,8.4,4.8,12885,1177,5.6,100,,1233,395,19.5,9.6,2.9,20387,1238,3.7,100,,2057,544,16.1,10.1,2.6
03810,90267,2527,1.7,100,,6459,772,7.3,7.2,0.8,68921,2362,2.1,100,,5115,731,8.7,7.4,1.0,1871,377,12.2,100,,79,88,67.4,4.2,4.6,5302,686,7.9,100,,338,179,32.2,6.4,3.3,12363,994,4.9,100,,927,368,24.1,7.5,2.9,98045,2357,1.5,100,,4950,671,8.2,5.0,0.7,73632,2123,1.8,100,,3803,632,10.1,5.2,0.8,1938,512,16.1,100,,100,98,59.7,5.2,4.9,6108,726,7.2,100,,247,151,37.2,4.0,2.4,13757,1120,5.0,100,,665,240,21.9,4.8,1.7
03901,74192,1670,1.4,100,,53583,1747,2.0,72.2,1.7,63509,1575,1.5,100,,46884,1505,2.0,73.8,1.5,824,343,25.3,100,,508,218,26.1,61.7,6.4,6515,951,8.9,100,,3866,827,13.0,59.3,9.3,2673,498,11.3,100,,1846,437,14.4,69.1,10.1,76183,1677,1.3,100,,54228,1767,2.0,71.2,1.7,62949,1535,1.5,100,,45361,1670,2.2,72.1,2.0,804,334,25.2,100,,539,296,33.3,67.0,24.0,7653,848,6.7,100,,5217,681,7.9,68.2,4.7,3763,456,7.4,100,,2312,381,10.0,61.4,6.9
03902,57363,1691,1.8,100,,37338,1574,2.6,65.1,2.0,40812,1750,2.6,100,,28376,1417,3.0,69.5,1.8,1290,316,14.9,100,,399,182,27.8,30.9,11.9,7216,827,7.0,100,,3575,580,9.9,49.5,5.7,7515,664,5.4,100,,4612,593,7.8,61.4,5.7,60666,1676,1.7,100,,38448,1691,2.7,63.4,2.2,39672,1565,2.4,100,,25989,1546,3.6,65.5,2.9,2131,413,11.8,100,,1353,362,16.3,63.5,11.7,8429,899,6.5,100,,4586,727,9.6,54.4,6.4,9546,675,4.3,100,,5940,623,6.4,62.2,4.8
03903,72177,1800,1.5,100,,39501,1728,2.7,54.7,2.0,30457,1305,2.6,100,,19300,1080,3.4,63.4,2.3,15836,871,3.3,100,,7460,745,6.1,47.1,3.9,18640,1309,4.3,100,,9181,997,6.6,49.3,4.1,5657,523,5.6,100,,2959,417,8.6,52.3,5.6,75909,2070,1.7,100,,43228,2085,2.9,56.9,2.3,30906,1287,2.5,100,,19208,956,3.0,62.1,1.7,15215,928,3.7,100,,8228,929,6.9,54.1,5.1,20487,1216,3.6,100,,10022,1121,6.8,48.9,4.6,7616,706,5.6,100,,4718,571,7.4,61.9,4.8
04001,68822,1816,1.6,100,,9260,841,5.5,13.5,1.2,46875,1577,2.0,100,,6330,697,6.7,13.5,1.4,1761,423,14.6,100,,352,187,32.4,20.0,9.5,14371,1035,4.4,100,,1960,448,13.9,13.6,3.0,4502,541,7.3,100,,506,178,21.4,11.2,3.7,86399,1972,1.4,100,,10339,908,5.3,12.0,1.0,57224,1637,1.7,100,,6909,781,6.9,12.1,1.3,2460,564,13.9,100,,169,109,39.1,6.9,4.1,16787,1078,3.9,100,,2292,439,11.6,13.7,2.5,7127,702,6.0,100,,902,259,17.4,12.7,3.4
04002,56350,1929,2.1,100,,8228,951,7.0,14.6,1.6,9123,858,5.7,100,,368,141,23.2,4.0,1.5,9538,900,5.7,100,,1568,362,14.0,16.4,3.5,34855,1708,3.0,100,,6051,820,8.2,17.4,2.2,2301,406,10.7,100,,169,117,42.1,7.3,4.9,66168,2045,1.9,100,,10012,882,5.4,15.1,1.2,19903,1035,3.2,100,,1611,383,14.5,8.1,1.9,9591,905,5.7,100,,1599,364,13.9,16.7,3.5,30531,1592,3.2,100,,5846,753,7.8,19.1,2.3,4102,538,8.0,100,,703,285,24.6,17.1,6.6
04003,51309,1782,2.1,100,,9588,1032,6.5,18.7,1.9,8100,780,5.9,100,,943,210,13.6,11.6,2.3,31203,1546,3.0,100,,6322,796,7.7,20.3,2.3,9488,989,6.3,100,,1820,479,16.0,19.2,4.6,1680,350,12.7,100,,342,158,28.1,20.4,8.4,68694,1788,1.6,100,,11053,892,4.9,16.1,1.2,21788,1026,2.9,100,,2653,413,9.5,12.2,1.8,30653,1612,3.2,100,,5966,708,7.2,19.5,2.1,11601,894,4.7,100,,2023,428,12.8,17.4,3.4,2806,421,9.1,100,,256,108,25.5,9.1,3.6
04004,63229,1621,1.6,100,,6752,752,6.8,10.7,1.2,34431,1150,2.0,100,,2360,373,9.6,6.9,1.1,13448,822,3.7,100,,2682,529,12.0,19.9,3.7,8074,827,6.2,100,,987,324,19.9,12.2,3.8,5277,579,6.7,100,,516,250,29.4,9.8,4.6,78245,1559,1.2,100,,6387,683,6.5,8.2,0.9,44590,1153,1.6,100,,2561,381,9.0,5.7,0.8,14639,1234,5.1,100,,2269,442,11.8,15.5,2.7,7982,850,6.5,100,,788,237,18.3,9.9,2.8,8340,662,4.8,100,,639,188,17.9,7.7,2.2
04005,65144,1588,1.5,100,,7630,866,6.9,11.7,1.3,45911,1413,1.9,100,,4950,575,7.1,10.8,1.2,3910,648,10.1,100,,885,303,20.8,22.6,6.8,9100,860,5.7,100,,1312,369,17.1,14.4,3.8,4650,640,8.4,100,,356,204,34.8,7.7,4.3,66135,1584,1.5,100,,6162,721,7.1,9.3,1.1,46977,1415,1.8,100,,3527,471,8.1,7.5,1.0,4041,608,9.1,100,,571,283,30.2,14.1,6.7,7287,661,5.5,100,,1264,331,15.9,17.3,4.3,5896,605,6.2,100,,636,217,20.7,10.8,3.5
04006,56014,1768,1.9,100,,8986,949,6.4,16.0,1.6,14021,997,4.3,100,,1075,307,17.4,7.7,2.1,32620,1523,2.8,100,,6702,846,7.7,20.5,2.4,5946,730,7.5,100,,708,294,25.2,11.9,4.7,2177,501,14.0,100,,362,201,33.7,16.6,8.4,68527,2098,1.9,100,,8883,999,6.8,13.0,1.4,23098,1103,2.9,100,,1466,309,12.8,6.3,1.3,31899,1492,2.8,100,,5862,895,9.3,18.4,2.7,7990,653,5.0,100,,1155,323,17.0,14.5,3.9,3222,470,8.9,100,,219,115,32.0,6.8,3.4
04007,40270,1527,2.3,100,,9034,711,4.8,22.4,1.5,212,118,33.8,100,,41,52,77.8,19.3,22.3,31369,1408,2.7,100,,6982,659,5.7,22.3,1.8,7690,799,6.3,100,,1701,421,15.0,22.1,5.0,428,193,27.3,100,,130,106,49.7,30.4,20.7,42766,1646,2.3,100,,8033,918,6.9,18.8,2.0,2023,355,10.7,100,,157,93,36.1,7.8,4.4,31005,1255,2.5,100,,6086,793,7.9,19.6,2.4,8448,950,6.8,100,,1573,426,16.4,18.6,4.6,531,200,22.9,100,,105,120,69.5,19.8,21.3
04008,53716,2262,2.6,100,,14416,1165,4.9,26.8,1.9,2246,437,11.8,100,,1028,355,21.0,45.8,13.1,27525,1519,3.4,100,,7200,801,6.8,26.2,2.5,21178,1574,4.5,100,,5504,686,7.6,26.0,2.6,1785,348,11.9,100,,451,177,23.8,25.3,8.6,64165,1925,1.8,100,,17590,1453,5.0,27.4,2.1,2073,400,11.7,100,,562,189,20.5,27.1,7.5,33288,1649,3.0,100,,9831,1079,6.7,29.5,2.9,24370,1416,3.5,100,,6084,746,7.5,25.0,2.7,2974,540,11.0,100,,711,236,20.2,23.9,6.7
04009,93266,2319,1.5,100,,43560,1939,2.7,46.7,1.7,20488,1022,3.0,100,,12658,896,4.3,61.8,3.1,61310,1963,1.9,100,,26103,1464,3.4,42.6,2.0,7396,883,7.3,100,,2843,586,12.5,38.4,6.5,2609,507,11.8,100,,1296,378,17.7,49.7,10.8,94632,2111,1.4,100,,41081,1476,2.2,43.4,1.2,17785,1040,3.6,100,,11032,784,4.3,62.0,2.5,62774,1572,1.5,100,,23788,1099,2.8,37.9,1.5,7736,759,6.0,100,,3213,489,9.2,41.5,4.8,4787,562,7.1,100,,2271,438,11.7,47.4,7.2
04010,63789,1741,1.7,100,,17911,1204,4.1,28.1,1.7,900,298,20.2,100,,282,145,31.3,31.3,12.4,57404,1634,1.7,100,,16387,1134,4.2,28.5,1.8,3236,544,10.2,100,,640,232,22.0,19.8,6.3,1313,436,20.2,100,,359,216,36.6,27.3,13.7,63746,1543,1.5,100,,16754,1239,4.5,26.3,1.8,1805,356,12.0,100,,195,104,32.5,10.8,5.4,55827,1414,1.5,100,,15411,1209,4.8,27.6,2.0,4289,695,9.8,100,,849,280,20.1,19.8,5.7,710,257,22.0,100,,88,69,48.0,12.4,8.7
04011,46798,1831,2.4,100,,8833,1060,7.3,18.9,2.1,6777,745,6.7,100,,1356,317,14.2,20.0,4.1,34496,1724,3.0,100,,6708,939,8.5,19.4,2.5,3614,686,11.5,100,,530,266,30.5,14.7,6.8,1026,376,22.3,100,,176,148,50.9,17.2,12.9,53097,1587,1.8,100,,8133,862,6.4,15.3,1.6,13763,880,3.9,100,,1582,341,13.1,11.5,2.4,31875,1484,2.8,100,,5854,776,8.1,18.4,2.3,4753,616,7.9,100,,389,213,33.3,8.2,4.4,1369,257,11.4,100,,120,98,49.5,8.8,6.9
04012,68223,1811,1.6,100,,13466,1054,4.8,19.7,1.5,19161,1152,3.7,100,,3772,437,7.0,19.7,2.0,2220,440,12.1,100,,371,184,30.2,16.7,7.6,25973,1333,3.1,100,,4770,714,9.1,18.4,2.6,19960,1255,3.8,100,,4095,628,9.3,20.5,2.9,65690,1817,1.7,100,,11647,1010,5.3,17.7,1.5,18628,944,3.1,100,,2808,482,10.4,15.1,2.5,2034,446,13.3,100,,312,144,28.1,15.3,6.2,23765,1209,3.1,100,,3503,608,10.6,14.7,2.4,20034,1045,3.2,100,,4694,633,8.2,23.4,2.9
04013,57219,1738,1.8,100,,19564,1278,4.0,34.2,2.0,34901,1257,2.2,100,,13192,982,4.5,37.8,2.5,697,195,17.0,100,,289,128,26.9,41.5,14.2,8400,973,7.0,100,,2192,523,14.5,26.1,5.4,12371,952,4.7,100,,3676,729,12.0,29.7,5.4,58201,1502,1.6,100,,16965,1086,3.9,29.1,1.7,31427,1219,2.4,100,,10566,819,4.7,33.6,2.3,1465,296,12.3,100,,447,183,24.9,30.5,10.9,9729,805,5.0,100,,1452,338,14.2,14.9,3.3,14330,854,3.6,100,,4237,541,7.8,29.6,3.3
04014,57359,1850,2.0,100,,16270,1101,4.1,28.4,1.7,37270,1459,2.4,100,,11875,952,4.9,31.9,2.2,1623,419,15.7,100,,418,185,26.9,25.8,9.2,8655,1052,7.4,100,,1236,424,20.8,14.3,4.6,8999,812,5.5,100,,2622,564,13.1,29.1,5.7,55029,1587,1.8,100,,16270,1110,4.1,29.6,1.8,35638,1262,2.2,100,,11659,961,5.0,32.7,2.4,1956,496,15.4,100,,325,185,34.5,16.6,8.4,7089,830,7.1,100,,1313,341,15.8,18.5,4.3,9045,766,5.1,100,,2637,464,10.7,29.2,4.5
04015,66228,1766,1.6,100,,16193,1055,4.0,24.5,1.5,25656,1100,2.6,100,,8288,729,5.3,32.3,2.5,23512,1314,3.4,100,,4687,583,7.6,19.9,2.2,10734,1133,6.4,100,,1790,402,13.7,16.7,3.3,5086,526,6.3,100,,1189,300,15.4,23.4,5.4,70863,1848,1.6,100,,16671,1246,4.5,23.5,1.6,28535,1302,2.8,100,,8673,840,5.9,30.4,2.6,22658,1354,3.6,100,,4368,631,8.8,19.3,2.5,11054,1015,5.6,100,,1471,386,16.0,13.3,3.3,6210,752,7.4,100,,1765,356,12.3,28.4,4.6
04016,59312,1741,1.8,100,,21516,1135,3.2,36.3,1.6,42745,1394,2.0,100,,17102,1007,3.6,40.0,2.0,1705,376,13.4,100,,511,236,28.1,30.0,12.2,4227,671,9.6,100,,1183,348,17.9,28.0,6.9,10082,1062,6.4,100,,2603,472,11.0,25.8,3.8,67035,1637,1.5,100,,24725,1102,2.7,36.9,1.4,43242,1417,2.0,100,,17300,903,3.2,40.0,1.6,2586,535,12.6,100,,738,300,24.7,28.5,10.0,6725,696,6.3,100,,2165,402,11.3,32.2,5.0,12802,910,4.3,100,,3876,466,7.3,30.3,2.9
04017,74217,2202,1.8,100,,21284,1128,3.2,28.7,1.3,34395,1406,2.5,100,,11067,940,5.2,32.2,2.4,876,237,16.5,100,,205,148,44.0,23.4,15.7,10332,1023,6.0,100,,2449,555,13.8,23.7,4.8,27859,1418,3.1,100,,7366,777,6.4,26.4,2.4,85746,1684,1.2,100,,25043,1166,2.8,29.2,1.2,31518,1266,2.4,100,,11816,914,4.7,37.5,2.5,977,298,18.5,100,,357,165,28.0,36.5,12.6,15570,1315,5.1,100,,3202,560,10.6,20.6,3.1,35124,1335,2.3,100,,9198,849,5.6,26.2,2.2
04018,39224,1671,2.6,100,,10314,1079,6.4,26.3,2.5,22961,1408,3.7,100,,6446,893,8.4,28.1,3.5,4297,749,10.6,100,,969,401,25.2,22.6,8.5,5405,737,8.3,100,,1069,354,20.1,19.8,6.0,6313,686,6.6,100,,1785,361,12.3,28.3,4.8,42450,1482,2.1,100,,12194,1014,5.1,28.7,2.2,24558,1134,2.8,100,,8126,776,5.8,33.1,2.8,3578,651,11.1,100,,752,314,25.4,21.0,7.9,5863,766,7.9,100,,1429,426,18.1,24.4,6.5,6779,655,5.9,100,,1472,283,11.7,21.7,3.6
04101,88339,2037,1.4,100,,17944,1120,3.8,20.3,1.2,47829,1510,1.9,100,,10470,879,5.1,21.9,1.7,4463,590,8.0,100,,1264,367,17.6,28.3,7.3,22915,1267,3.4,100,,4107,501,7.4,17.9,1.9,11127,918,5.0,100,,1779,390,13.3,16.0,3.2,89575,2110,1.4,100,,15470,1024,4.0,17.3,1.1,48898,1466,1.8,100,,9181,630,4.2,18.8,1.2,4438,710,9.7,100,,417,182,26.5,9.4,3.8,20089,1154,3.5,100,,3354,561,10.2,16.7,2.6,14004,1068,4.6,100,,2147,411,11.6,15.3,2.7
04102,88861,2781,1.9,100,,18410,1401,4.6,20.7,1.4,8836,847,5.8,100,,2369,489,12.5,26.8,4.9,4405,534,7.4,100,,1899,324,10.4,43.1,5.2,59380,2226,2.3,100,,10374,1211,7.1,17.5,1.9,14474,1305,5.5,100,,3409,561,10.0,23.6,3.2,83380,2439,1.8,100,,19724,1644,5.1,23.7,1.8,8576,724,5.1,100,,1889,365,11.8,22.0,3.8,3511,525,9.1,100,,720,247,20.9,20.5,6.3,55886,2467,2.7,100,,12726,1400,6.7,22.8,2.3,14437,999,4.2,100,,4059,670,10.0,28.1,4.2
04103,114437,2470,1.3,100,,56014,2057,2.2,48.9,1.5,31687,1435,2.8,100,,21244,1304,3.7,67.0,2.8,1792,390,13.2,100,,567,211,22.6,31.6,9.5,20035,1538,4.7,100,,8191,1009,7.5,40.9,3.9,58051,2012,2.1,100,,24846,1513,3.7,42.8,2.1,110154,2264,1.2,100,,52794,1928,2.2,47.9,1.4,24968,1127,2.7,100,,16413,990,3.7,65.7,2.6,1561,391,15.2,100,,518,235,27.6,33.2,12.6,19793,1352,4.2,100,,8589,1012,7.2,43.4,4.2,61897,1986,2.0,100,,26397,1615,3.7,42.6,2.2
04104,56147,1675,1.8,100,,35789,1688,2.9,63.7,2.3,25586,1132,2.7,100,,17621,1060,3.7,68.9,2.8,1405,454,19.6,100,,1012,436,26.2,72.0,20.5,6758,815,7.3,100,,3622,640,10.7,53.6,6.9,21579,1305,3.7,100,,13008,1186,5.5,60.3,4.1,56592,1489,1.6,100,,33382,1441,2.6,59.0,2.0,20747,1000,2.9,100,,13924,825,3.6,67.1,2.3,1828,538,17.9,100,,1128,412,22.2,61.7,13.3,6789,794,7.1,100,,3380,552,9.9,49.8,5.7,26058,1036,2.4,100,,14343,922,3.9,55.0,2.8
04105,93520,2074,1.3,100,,56227,1672,1.8,60.1,1.2,11535,868,4.6,100,,8344,745,5.4,72.3,3.5,53165,1774,2.0,100,,30507,1573,3.1,57.4,2.3,9948,912,5.6,100,,6439,714,6.7,64.7,4.0,15223,1111,4.4,100,,8808,873,6.0,57.9,3.9,97678,2225,1.4,100,,57856,1992,2.1,59.2,1.5,9212,800,5.3,100,,6682,662,6.0,72.5,3.5,55774,1711,1.9,100,,30329,1484,3.0,54.4,2.1,12178,947,4.7,100,,7941,799,6.1,65.2,4.2,15401,934,3.7,100,,9749,729,4.5,63.3,2.8
04106,68300,1612,1.4,100,,31035,1547,3.0,45.4,2.0,20470,1166,3.5,100,,11191,891,4.8,54.7,3.0,8456,908,6.5,100,,3623,625,10.5,42.8,5.8,13168,951,4.4,100,,4621,743,9.8,35.1,5.0,23851,1474,3.8,100,,10876,1056,5.9,45.6,3.4,76270,1967,1.6,100,,33777,1543,2.8,44.3,1.7,19935,1353,4.1,100,,10873,1019,5.7,54.5,3.5,10091,1010,6.1,100,,3645,662,11.0,36.1,5.5,15696,1389,5.4,100,,5643,936,10.1,36.0,5.0,26400,1626,3.7,100,,11779,1003,5.2,44.6,2.6
04107,65226,2106,2.0,100,,14209,1329,5.7,21.8,1.9,4720,609,7.8,100,,1360,341,15.2,28.8,6.2,4337,505,7.1,100,,1027,322,19.1,23.7,6.9,34763,1860,3.3,100,,7506,1101,8.9,21.6,3.0,20108,1256,3.8,100,,3922,610,9.4,19.5,2.8,68168,2321,2.1,100,,13798,1152,5.1,20.2,1.5,3321,580,10.6,100,,788,276,21.3,23.7,7.2,3369,696,12.6,100,,758,345,27.7,22.5,9.1,37048,2146,3.5,100,,6949,927,8.1,18.8,2.3,23075,1545,4.1,100,,5085,638,7.6,22.0,2.3
04108,55771,1762,1.9,100,,16278,1091,4.1,29.2,1.7,29905,1222,2.5,100,,9985,822,5.0,33.4,2.4,1457,365,15.2,100,,410,220,32.6,28.1,13.3,7698,946,7.5,100,,2157,455,12.8,28.0,4.8,15545,1252,4.9,100,,3444,565,10.0,22.2,3.2,57396,1721,1.8,100,,15842,1171,4.5,27.6,1.9,25763,1300,3.1,100,,8377,865,6.3,32.5,2.9,2099,476,13.8,100,,760,290,23.2,36.2,11.1,9650,741,4.7,100,,2577,514,12.1,26.7,4.9,17900,1087,3.7,100,,3624,608,10.2,20.2,3.2
04109,69273,1947,1.7,100,,13715,1258,5.6,19.8,1.7,21397,1072,3.0,100,,4823,611,7.7,22.5,2.6,1070,295,16.8,100,,118,86,44.1,11.0,7.4,22416,1285,3.5,100,,3968,642,9.8,17.7,2.7,23442,1533,4.0,100,,4559,653,8.7,19.4,2.5,74697,1649,1.3,100,,15503,1116,4.4,20.8,1.4,24053,1059,2.7,100,,4013,576,8.7,16.7,2.3,1476,350,14.4,100,,274,157,34.8,18.6,9.7,22715,1350,3.6,100,,5153,612,7.2,22.7,2.3,24649,1344,3.3,100,,5650,711,7.6,22.9,2.6
04110,77459,1939,1.5,100,,28947,1307,2.7,37.4,1.4,42933,1420,2.0,100,,19231,989,3.1,44.8,1.8,1035,289,17.0,100,,171,129,45.8,16.5,11.6,26811,1440,3.3,100,,7143,845,7.2,26.6,2.8,6194,790,7.8,100,,2213,442,12.1,35.7,5.5,92447,2114,1.4,100,,34424,1386,2.4,37.2,1.2,48275,1488,1.9,100,,20137,1113,3.4,41.7,1.9,1528,359,14.3,100,,537,194,21.9,35.1,9.6,33214,1411,2.6,100,,10560,901,5.2,31.8,2.4,8255,666,4.9,100,,2700,396,8.9,32.7,4.0
04111,68522,1818,1.6,100,,25036,1287,3.1,36.5,1.6,12974,959,4.5,100,,5364,606,6.9,41.3,3.5,5619,866,9.4,100,,2348,572,14.8,41.8,7.9,27823,1447,3.2,100,,9241,896,5.9,33.2,2.7,16431,1035,3.8,100,,6119,758,7.5,37.2,4.0,70919,1784,1.5,100,,24973,1258,3.1,35.2,1.5,11514,797,4.2,100,,4391,484,6.7,38.1,3.3,4606,688,9.1,100,,1550,355,13.9,33.7,5.8,30388,1359,2.7,100,,10685,895,5.1,35.2,2.5,18255,1012,3.4,100,,6328,585,5.6,34.7,2.6
04112,97782,2087,1.3,100,,40975,1812,2.7,41.9,1.6,1267,374,17.9,100,,631,189,18.2,49.8,2.7,65026,2075,1.9,100,,30528,1658,3.3,46.9,2.1,15607,1093,4.3,100,,4268,741,10.6,27.3,4.3,9901,866,5.3,100,,3195,548,10.4,32.3,4.8,110326,2808,1.5,100,,49135,1865,2.3,44.5,1.3,1509,341,13.8,100,,566,204,21.9,37.5,10.5,67710,2187,2.0,100,,33312,1499,2.7,49.2,1.5,18016,1505,5.1,100,,6036,754,7.6,33.5,3.1,14717,1292,5.3,100,,5660,813,8.7,38.5,4.4
04113,58243,1866,1.9,100,,27659,1308,2.9,47.5,1.7,14091,1187,5.1,100,,9273,901,5.9,65.8,3.2,9440,1067,6.9,100,,3761,510,8.3,39.8,3.0,14540,1318,5.5,100,,6265,833,8.1,43.1,4.2,10761,970,5.5,100,,4581,604,8.0,42.6,4.1,62558,1994,1.9,100,,31492,1573,3.0,50.3,1.9,12488,1250,6.1,100,,7964,984,7.5,63.8,4.6,9546,841,5.4,100,,4374,509,7.1,45.8,3.5,16184,1078,4.1,100,,7603,840,6.7,47.0,4.1,16219,1091,4.1,100,,7955,793,6.1,49.0,3.6
04114,44106,1608,2.2,100,,20374,1249,3.7,46.2,2.3,15138,917,3.7,100,,9423,780,5.0,62.2,3.5,17057,1193,4.3,100,,6326,774,7.4,37.1,3.7,9869,1231,7.6,100,,3579,762,12.9,36.3,6.3,929,398,26.0,100,,420,302,43.7,45.2,26.1,50821,2070,2.5,100,,27425,1716,3.8,54.0,2.6,16968,1082,3.9,100,,11352,904,4.8,66.9,3.2,18879,1542,5.0,100,,8782,1087,7.5,46.5,4.3,12209,1310,6.5,100,,5696,930,9.9,46.7,5.7,1714,458,16.3,100,,981,378,23.4,57.2,15.9
